Alpha	E root1	E root2	E root3	E root4	E root5		Alpha (0.9-1.3)	E root4 (0.9-1.3)		Smoothed alpha	Smoothed E root1	Smoothed E root2	Smoothed E root3	Smoothed E root4	Smoothed E root5		Start	0.2
0.200000	0.11215461	0.17192229	0.22051054	0.24561749	0.36352894		0.900000	2.37186040		0.206250	0.11215461	0.17192229	0.22051054	0.24561749	0.36352894		End	2.2
0.202002	0.11215461	0.17192229	0.22051054	0.24561749	0.36352894		0.900200	2.37225828		0.218750	0.12308227	0.18618821	0.24001174	0.26955459	0.39832149		N points	1000
0.204004	0.11215461	0.17192229	0.22051054	0.24561749	0.36352894		0.900400	2.37265616		0.231250	0.14052857	0.21029709	0.27186697	0.30820233	0.45425971		N points (2x)	2000
0.206006	0.11215461	0.17192229	0.22051054	0.24561749	0.36352894		0.900600	2.37305404		0.243750	0.15866575	0.23742515	0.30693714	0.34846497	0.51248700			
0.208008	0.11369148	0.17392865	0.22325321	0.24898402	0.36842219		0.900800	2.37345192		0.256250	0.17143338	0.25645075	0.33171942	0.37687530	0.55339411		Start (root4)	0.9
0.210010	0.11544166	0.17621349	0.22637652	0.25281779	0.37399457		0.901001	2.37384980		0.268750	0.19157782	0.28634430	0.37081512	0.42178287	0.61547705		End (root4)	1.3
0.212012	0.11719183	0.17849832	0.22949984	0.25665156	0.37956695		0.901201	2.37424768		0.281250	0.21237433	0.31712315	0.41119323	0.46819321	0.65876230		N points (root4)	2000
0.214014	0.11894201	0.18078315	0.23262315	0.26048533	0.38513933		0.901401	2.37464556		0.293750	0.22681160	0.32938649	0.43925867	0.49999593	0.62511316			
0.216016	0.12069219	0.18306798	0.23574647	0.26431910	0.39071171		0.901601	2.37504344		0.306250	0.24164504	0.34162091	0.46811491	0.53255645	0.60910102			
0.218018	0.12244236	0.18535281	0.23886978	0.26815287	0.39628409		0.901801	2.37544133		0.318750	0.25689017	0.35045612	0.49133302	0.56477307	0.62399311			
0.220020	0.12485484	0.18863771	0.24324828	0.27348127	0.40400491		0.902001	2.37583921		0.331250	0.28061449	0.36977303	0.53057641	0.59299349	0.63672605			
0.222022	0.12764905	0.19249899	0.24835022	0.27967109	0.41296398		0.902201	2.37623709		0.343750	0.30495075	0.40142210	0.57717173	0.60270977	0.67231477			
0.224024	0.13044325	0.19636027	0.25345216	0.28586092	0.42192305		0.902401	2.37663497		0.356250	0.32175470	0.42203122	0.59331363	0.61257206	0.70913472			
0.226026	0.13323745	0.20022156	0.25855410	0.29205075	0.43088213		0.902601	2.37703285		0.368750	0.34774685	0.45231910	0.58967421	0.65883012	0.76653929			
0.228028	0.13603165	0.20408284	0.26365604	0.29824058	0.43984120		0.902801	2.37743073		0.381250	0.37425259	0.48158040	0.58580460	0.70946224	0.82525366			
0.230030	0.13882586	0.20794412	0.26875798	0.30443041	0.44880027		0.903002	2.37782861		0.393750	0.39241315	0.49762072	0.58818103	0.74421149	0.86555948			
0.232032	0.14166328	0.21199429	0.27406105	0.31072127	0.45790256		0.903202	2.37822649		0.406250	0.41085063	0.50941336	0.59592131	0.77956175	0.90654581			
0.234034	0.14456813	0.21633913	0.27967790	0.31716974	0.46722825		0.903402	2.37862437		0.418750	0.43901905	0.51767175	0.61989377	0.83394909	0.96958319			
0.236036	0.14747299	0.22068396	0.28529474	0.32361821	0.47655394		0.903602	2.37902225		0.431250	0.46734767	0.52166260	0.65008538	0.88916422	1.03363450			
0.238038	0.15037784	0.22502879	0.29091158	0.33006668	0.48587963		0.903802	2.37942013		0.443750	0.48577444	0.52282819	0.67411960	0.87346299	1.07724384			
0.240040	0.15328269	0.22937363	0.29652843	0.33651515	0.49520533		0.904002	2.37981802		0.456250	0.50152923	0.52667195	0.69960839	0.85666518	1.12141492			
0.242042	0.15618754	0.23371846	0.30214527	0.34296362	0.50453102		0.904202	2.38021590		0.468750	0.51088102	0.53724766	0.72618016	0.89208656	1.16613872			
0.244044	0.15896609	0.23787270	0.30752011	0.34913328	0.51344928		0.904402	2.38061378		0.481250	0.51449603	0.56458419	0.76778708	0.94638433	1.23434922			
0.246046	0.16101095	0.24091984	0.31148924	0.35368348	0.52000097		0.904602	2.38101166		0.493750	0.51572724	0.59499492	0.81034289	1.00143971	1.30322514			
0.248048	0.16305582	0.24396698	0.31545837	0.35823369	0.52655266		0.904802	2.38140954		0.506250	0.51611219	0.61634935	0.83952701	1.03888124	1.34972872			
0.250050	0.16510069	0.24701413	0.31942751	0.36278389	0.53310435		0.905003	2.38180742		0.518750	0.51649213	0.63806730	0.86815311	1.07364112	1.39565621			
0.252052	0.16714555	0.25006127	0.32339664	0.36733410	0.53965604		0.905203	2.38220530		0.531250	0.51732150	0.67144099	0.91242719	1.12774666	1.46504520			
0.254054	0.16919042	0.25310841	0.32736577	0.37188430	0.54620773		0.905403	2.38260318		0.543750	0.51841679	0.70529463	0.95831376	1.18525007	1.53529106			
0.256056	0.17123529	0.25615555	0.33133491	0.37643450	0.55275942		0.905603	2.38300106		0.556250	0.51924232	0.72829374	0.98954202	1.22410064	1.58226058			
0.258058	0.17434717	0.26077469	0.33737440	0.38337094	0.56237408		0.905803	2.38339894		0.568750	0.51987864	0.75165364	1.02112105	1.26338236	1.62916832			
0.260060	0.17757350	0.26556245	0.34363598	0.39056335	0.57231729		0.906003	2.38379683		0.581250	0.52082956	0.78729258	1.06927320	1.32279021	1.69884419			
0.262062	0.18079984	0.27035020	0.34989755	0.39775575	0.58226050		0.906203	2.38419471		0.593750	0.52185277	0.82333034	1.11795556	1.38252419	1.76782757			
0.264064	0.18402618	0.27513796	0.35615912	0.40494815	0.59220372		0.906403	2.38483303		0.606250	0.52254226	0.84781049	1.15091488	1.42278796	1.81266318			
0.266066	0.18725251	0.27992572	0.36242070	0.41214056	0.60214693		0.906603	2.38554495		0.618750	0.52320538	0.87257778	1.18418400	1.46325789	1.85637016			
0.268068	0.19047885	0.28471347	0.36868227	0.41933296	0.61209014		0.906803	2.38625687		0.631250	0.52392423	0.91036848	1.23476616	1.52427736	1.91824383			
0.270070	0.19377405	0.28959472	0.37507928	0.42668407	0.62004821		0.907004	2.38696879		0.643750	0.52446762	0.94859083	1.28582299	1.58530638	1.97697568			
0.272072	0.19710482	0.29452427	0.38154624	0.43411715	0.62698079		0.907204	2.38768072		0.656250	0.52474319	0.97451430	1.32031367	1.62609229	2.01234895			
0.274074	0.20043559	0.29945381	0.38801320	0.44155024	0.63391336		0.907404	2.38839264		0.668750	0.52516207	1.01406498	1.37265524	1.68762052	2.05844859			
0.276076	0.20376637	0.30438336	0.39448017	0.44898333	0.64084593		0.907604	2.38910456		0.681250	0.52555479	1.05405153	1.42540255	1.74910520	2.09971709			
0.278078	0.20709714	0.30931291	0.40094713	0.45641641	0.64777850		0.907804	2.38981648		0.693750	0.52569671	1.08114329	1.46093944	1.79002678	2.12235567			
0.280080	0.21042791	0.31424245	0.40741409	0.46384950	0.65471108		0.908004	2.39052841		0.706250	0.52574200	1.10852757	1.49670171	1.83091779	2.14197190			
0.282082	0.21333537	0.31793948	0.41306145	0.47031021	0.65652239		0.908204	2.39124033		0.718750	0.52571301	1.15024556	1.55078906	1.89164330	2.16574671			
0.284084	0.21564764	0.31990358	0.41755641	0.47540373	0.65113314		0.908404	2.39195225		0.731250	0.52565790	1.19239541	1.60519083	1.95204573	2.18643218			
0.286086	0.21795992	0.32186768	0.42205138	0.48049726	0.64574389		0.908604	2.39266417		0.743750	0.52546366	1.22092909	1.64168195	1.99050088	2.19779293			
0.288088	0.22027219	0.32383177	0.42654635	0.48559079	0.64035464		0.908804	2.39337610		0.756250	0.52521180	1.24974714	1.67828746	2.02860796	2.20793396			
0.290090	0.22258447	0.32579587	0.43104131	0.49068432	0.63496539		0.909005	2.39408802		0.768750	0.52505415	1.27885025	1.71506046	2.06790125	2.21711559			
0.292092	0.22489674	0.32775997	0.43553628	0.49577785	0.62957613		0.909205	2.39479994		0.781250	0.52476885	1.32313555	1.77028763	2.12580465	2.22950377			
0.294094	0.22721993	0.32972327	0.44005302	0.50089224	0.62467239		0.909405	2.39551186		0.793750	0.52437290	1.36783017	1.82544826	2.18289125	2.24124701			
0.296096	0.22959565	0.33168274	0.44467463	0.50610714	0.62210788		0.909605	2.39622379		0.806250	0.52405213	1.39803777	1.86205074	2.22004033	2.24878123			
0.298098	0.23197138	0.33364221	0.44929625	0.51132203	0.61954337		0.909805	2.39693571		0.818750	0.52379491	1.42852536	1.89840816	2.24940142	2.26357441			
0.300100	0.23434711	0.33560167	0.45391787	0.51653693	0.61697886		0.910005	2.39764763		0.831250	0.52337924	1.47485769	1.95181155	2.26893298	2.30947147			
0.302102	0.23672283	0.33756114	0.45853949	0.52175183	0.61441436		0.910205	2.39835955		0.843750	0.52294342	1.52158333	2.00404515	2.28248747	2.36113503			
0.304104	0.23909856	0.33952061	0.46316111	0.52696673	0.61184985		0.910405	2.39907148		0.856250	0.52263092	1.55311847	2.03714344	2.29313453	2.39418152			
0.306106	0.24147429	0.34148007	0.46778273	0.53218163	0.60928534		0.910605	2.39978340		0.868750	0.52209746	1.60094033	2.08236807	2.31365333	2.44128717			
0.308108	0.24391121	0.34293425	0.47156625	0.53734541	0.61131471		0.910805	2.40049532		0.881250	0.52151281	1.64907576	2.12369994	2.33816944	2.48672168			
0.310110	0.24635287	0.34434930	0.47528487	0.54250523	0.61369983		0.911006	2.40120724		0.893750	0.52112646	1.68149610	2.14666908	2.35943283	2.51536714			
0.312112	0.24879453	0.34576435	0.47900348	0.54766505	0.61608495		0.911206	2.40191917		0.906250	0.52077114	1.71414632	2.16637535	2.38428796	2.54284939			
0.314114	0.25123619	0.34717940	0.48272210	0.55282487	0.61847006		0.911406	2.40263109		0.918750	0.52017910	1.76349802	2.18926523	2.42876087	2.58137303			
0.316116	0.25367786	0.34859445	0.48644071	0.55798469	0.62085518		0.911606	2.40334301		0.931250	0.51960164	1.81304373	2.20852248	2.47732151	2.61811343			
0.318118	0.25611952	0.35000950	0.49015933	0.56314450	0.62324030		0.911806	2.40405493		0.943750	0.51927821	1.84619470	2.21846559	2.51285539	2.64082959			
0.320120	0.25949058	0.35257344	0.49563447	0.56786630	0.62538876		0.912006	2.40476686		0.956250	0.51934910	1.87943997	2.22751730	2.55002984	2.66271261			
0.322122	0.26329027	0.35566724	0.50191970	0.57238609	0.62742807		0.912206	2.40547878		0.968750	0.52264591	1.92982321	2.24210681	2.60970584	2.70300442			
0.324124	0.26708996	0.35876104	0.50820493	0.57690588	0.62946738		0.912406	2.40619070		0.981250	0.52139951	1.97887722	2.25277884	2.66898894	2.73073533			
0.326126	0.27088965	0.36185484	0.51449015	0.58142566	0.63150669		0.912606	2.40690263		0.993750	0.51677552	2.01008359	2.25727401	2.70812538	2.73730398			
0.328128	0.27468935	0.36494863	0.52077538	0.58594545	0.63354600		0.912806	2.40761455		1.006250	0.51615064	2.04131326	2.26559106	2.74495534	2.75790765			
0.330130	0.27848904	0.36804243	0.52706061	0.59046524	0.63558531		0.913007	2.40832647		1.018750	0.51537842	2.07122834	2.27500611	2.76855225	2.79116121			
0.332132	0.28233191	0.37200652	0.53386467	0.59367918	0.63923757		0.913207	2.40903839		1.031250	0.51426123	2.11117684	2.29394003	2.78933178	2.85462175			
0.334134	0.28622961	0.37707544	0.54132738	0.59523534	0.64493746		0.913407	2.40975032		1.043750	0.51331170	2.14690302	2.31734672	2.80902198	2.91862161			
0.336136	0.29012731	0.38214436	0.54879010	0.59679150	0.65063736		0.913607	2.41046224		1.056250	0.51273427	2.16574136	2.33822366	2.82109041	2.96174173			
0.338138	0.29402501	0.38721328	0.55625281	0.59834766	0.65633725		0.913807	2.41117416		1.068750	0.51188221	2.18637633	2.37747557	2.83774984	3.02698184			
0.340140	0.29792271	0.39228221	0.56371553	0.59990382	0.66203715		0.914007	2.41188608		1.081250	0.51104593	2.20274134	2.42123649	2.85352720	3.09256292			
0.342142	0.30182041	0.39735113	0.57117824	0.60145998	0.66773704		0.914207	2.41259801		1.093750	0.51051083	2.21037241	2.45395400	2.86323993	3.13659778			
0.344144	0.30548060	0.40207194	0.57768071	0.60302074	0.67347576		0.914407	2.41330993		1.106250	0.50989487	2.21640720	2.48825540	2.87221786	3.18063888			
0.346146	0.30817192	0.40537270	0.58026600	0.60460029	0.67937285		0.914607	2.41402185		1.118750	0.50929762	2.22136749	2.52382265	2.88075320	3.22485609			
0.348148	0.31086325	0.40867346	0.58285129	0.60617984	0.68526994		0.914807	2.41473377		1.131250	0.50861237	2.22742159	2.57933771	2.89305496	3.29183115			
0.350150	0.31355457	0.41197422	0.58543658	0.60775938	0.69116703		0.915008	2.41544570		1.143750	0.50790348	2.23261795	2.63604700	2.90474480	3.35912940			
0.352152	0.31624589	0.41527498	0.58802187	0.60933893	0.69706412		0.915208	2.41615762		1.156250	0.50747194	2.23549723	2.67480004	2.91202736	3.40425632			
0.354154	0.31893722	0.41857574	0.59060716	0.61091847	0.70296121		0.915408	2.41686954		1.168750	0.50715608	2.23820632	2.71397224	2.91909932	3.44944763			
0.356156	0.32162854	0.42187649	0.59319244	0.61249802	0.70885829		0.915608	2.41758146		1.181250	0.50668923	2.24179075	2.77365427	2.92898532	3.51749492			
0.358158	0.32572247	0.42665474	0.59275806	0.61963348	0.71789768		0.915808	2.41829339		1.193750	0.50629858	2.24517614	2.83391227	2.93853664	3.58573896			
0.360160	0.32988538	0.43150565	0.59217517	0.62704218	0.72709160		0.916008	2.41900531		1.206250	0.50617569	2.24733606	2.87463129	2.94470862	3.63145301			
0.362162	0.33404828	0.43635657	0.59159228	0.63445087	0.73628553		0.916208	2.41971723		1.218750	0.50612583	2.25046578	2.92722683	2.96274983	3.70025374			
0.364164	0.33821119	0.44120748	0.59100939	0.64185957	0.74547945		0.916408	2.42042915		1.231250	0.50617739	2.25354297	2.96224769	2.99862721	3.76904178			
0.366166	0.34237410	0.44605839	0.59042650	0.64926827	0.75467338		0.916608	2.42114108		1.243750	0.50628464	2.25555244	2.96786361	3.04052031	3.81500994			
0.368168	0.34653701	0.45090930	0.58984361	0.65667697	0.76386730		0.916808	2.42185300		1.256250	0.50647803	2.25757201	2.97331130	3.08268570	3.86124815			
0.370170	0.35075826	0.45564358	0.58923457	0.66458262	0.77321004		0.917009	2.42256492		1.268750	0.50676648	2.25960795	2.97866499	3.12510627	3.90757968			
0.372172	0.35500343	0.46033008	0.58861481	0.67269187	0.78261374		0.917209	2.42327684		1.281250	0.50731710	2.26269452	2.98651486	3.18927023	3.97725941			
0.374174	0.35924859	0.46501657	0.58799505	0.68080111	0.79201745		0.917409	2.42398877		1.293750	0.50803330	2.26587807	2.99429582	3.25378734	4.04707251			
0.376176	0.36349375	0.46970306	0.58737529	0.68891036	0.80142115		0.917609	2.42470069		1.306250	0.50862335	2.26805765	2.99937258	3.29708342	4.09368185			
0.378178	0.36773892	0.47438956	0.58675554	0.69701961	0.81082485		0.917809	2.42541261		1.318750	0.50957944	2.27132482	3.00675164	3.36242919	4.16364258			
0.380180	0.37198408	0.47907605	0.58613578	0.70512886	0.82022855		0.918009	2.42612453		1.331250	0.51074177	2.27476258	3.01412207	3.42805737	4.23387646			
0.382182	0.37560690	0.48277660	0.58598182	0.71205365	0.82825945		0.918209	2.42683646		1.343750	0.51205347	2.27753633	3.01929283	3.47254268	4.28109043			
0.384184	0.37851550	0.48534562	0.58636243	0.71761909	0.83471483		0.918409	2.42754838		1.356250	0.51462703	2.28134102	3.02594085	3.52184923	4.33913327			
0.386186	0.38142410	0.48791464	0.58674304	0.72318454	0.84117022		0.918609	2.42826030		1.381250	0.51742365	2.28761348	3.03827275	3.63592960	4.45707176			
0.388188	0.38433270	0.49048366	0.58712365	0.72874999	0.84762561		0.918809	2.42899165		1.406250	0.51873418	2.29257570	3.04814466	3.74348884	4.56318605			
0.390190	0.38724130	0.49305268	0.58750426	0.73431543	0.85408099		0.919010	2.42976901		1.418750	0.51954795	2.29477861	3.05184202	3.78612444	4.60896425			
0.392192	0.39014990	0.49562171	0.58788487	0.73988088	0.86053638		0.919210	2.43054637		1.431250	0.52142684	2.29872590	3.05848464	3.85413892	4.67879904			
0.394194	0.39306834	0.49803978	0.58845609	0.74546768	0.86701595		0.919410	2.43132373		1.443750	0.52342332	2.30278217	3.06514605	3.92265609	4.74853995			
0.396196	0.39602129	0.49992849	0.58969577	0.75112939	0.87358032		0.919610	2.43210109		1.456250	0.52491490	2.30561642	3.06962122	3.96853877	4.79483300			
0.398198	0.39897423	0.50181720	0.59093546	0.75679109	0.88014470		0.919810	2.43287845		1.468750	0.52748949	2.31018566	3.07650204	4.03774212	4.86416807			
0.400200	0.40192718	0.50370591	0.59217514	0.76245279	0.88670908		0.920010	2.43365580		1.481250	0.53015950	2.31484066	3.08341889	4.10711097	4.93320929			
0.402202	0.40488013	0.50559463	0.59341483	0.76811449	0.89327346		0.920210	2.43443316		1.493750	0.53201133	2.31801755	3.08801876	4.15349918	4.97886226			
0.404204	0.40783308	0.50748334	0.59465451	0.77377620	0.89983783		0.920410	2.43521052		1.506250	0.53396153	2.32128364	3.09265302	4.19999644	5.02423766			
0.406206	0.41078603	0.50937205	0.59589420	0.77943790	0.90640221		0.920610	2.43598788		1.518750	0.53599099	2.32461688	3.09729670	4.24657532	5.06925635			
0.408208	0.41526340	0.51070709	0.59967676	0.78808189	0.91642103		0.920810	2.43676524		1.531250	0.53911304	2.32971151	3.10423492	4.31657034	5.13571694			
0.410210	0.41977486	0.51202976	0.60351619	0.79679258	0.92651711		0.921011	2.43754260		1.543750	0.54228046	2.33486228	3.11115377	4.38662423	5.20130482			
0.412212	0.42428632	0.51335242	0.60735563	0.80550326	0.93661319		0.921211	2.43831996		1.556250	0.54447319	2.33838278	3.11576361	4.43337758	5.24398877			
0.414214	0.42879777	0.51467508	0.61119506	0.81421395	0.94670926		0.921411	2.43909732		1.568750	0.54787752	2.34375362	3.12267145	4.50349357	5.30598103			
0.416216	0.43330923	0.51599775	0.61503449	0.82292463	0.95680534		0.921611	2.43987468		1.581250	0.55131401	2.34915689	3.12955303	4.57355346	5.36638049			
0.418218	0.43782069	0.51732041	0.61887392	0.83163532	0.96690142		0.921811	2.44065203		1.593750	0.55349604	2.35266184	3.13398292	4.61996227	5.40456725			
0.420220	0.44235099	0.51814114	0.62344484	0.84044337	0.97711675		0.922011	2.44142939		1.606250	0.55570558	2.35619566	3.13839491	4.66627644	5.44128418			
0.422222	0.44688811	0.51878032	0.62828033	0.84928663	0.98737522		0.922211	2.44220675		1.618750	0.55809689	2.35990410	3.14292641	4.71268375	5.47662961			
0.424224	0.45142523	0.51941949	0.63311582	0.85812989	0.99763369		0.922411	2.44298411		1.631250	0.56173284	2.36552047	3.14968069	4.78194957	5.52580008			
0.426226	0.45596234	0.52005867	0.63795132	0.86697316	1.00789215		0.922611	2.44376147		1.643750	0.56537027	2.37115651	3.15639418	4.85089993	5.57234009			
0.428228	0.46049946	0.52069784	0.64278681	0.87581642	1.01815062		0.922811	2.44453883		1.656250	0.56783769	2.37494472	3.16084207	4.89646677	5.60079370			
0.430230	0.46503657	0.52133702	0.64762230	0.88465968	1.02840909		0.923012	2.44531619		1.668750	0.57034575	2.37875587	3.16527445	4.94171021	5.62767937			
0.432232	0.46879562	0.52175419	0.65197396	0.88793044	1.03706126		0.923212	2.44609355		1.681250	0.57409739	2.38447012	3.17177975	5.00854851	5.66498199			
0.434234	0.47174685	0.52194087	0.65582328	0.88541573	1.04404574		0.923412	2.44687090		1.693750	0.57785973	2.39019399	3.17824639	5.07464432	5.70069458			
0.436236	0.47469809	0.52212755	0.65967261	0.88290102	1.05103021		0.923612	2.44764826		1.706250	0.58036888	2.39402149	3.18256342	5.11788954	5.72336745			
0.438238	0.47764932	0.52231423	0.66352193	0.88038631	1.05801469		0.923812	2.44842562		1.718750	0.58413480	2.39976250	3.18896554	5.18104431	5.75661214			
0.440240	0.48060055	0.52250092	0.66737126	0.87787160	1.06499917		0.924012	2.44920298		1.731250	0.58789903	2.40549970	3.19531650	5.24286192	5.78976499			
0.442242	0.48355179	0.52268760	0.67122058	0.87535688	1.07198365		0.924212	2.44998034		1.743750	0.59037981	2.40930581	3.19948723	5.28251852	5.81218284			
0.444244	0.48639737	0.52298017	0.67512742	0.87279882	1.07899034		0.924412	2.45075770		1.756250	0.59287919	2.41311566	3.20363080	5.32095030	5.83514773			
0.446246	0.48892066	0.52359579	0.67920971	0.87010848	1.08606479		0.924612	2.45153506		1.768750	0.59539561	2.41692738	3.20774619	5.35800975	5.85888661			
0.448248	0.49144395	0.52421141	0.68329199	0.86741814	1.09313924		0.924812	2.45231242		1.781250	0.59928694	2.42273891	3.21399712	5.41027583	5.89716793			
0.450250	0.49396725	0.52482702	0.68737428	0.86472780	1.10021368		0.925013	2.45308978		1.793750	0.60316029	2.42852695	3.22018718	5.45996312	5.93733810			
0.452252	0.49649054	0.52544264	0.69145657	0.86203746	1.10728813		0.925213	2.45386713		1.806250	0.60560620	2.43226638	3.22413030	5.49018702	5.96605251			
0.454254	0.49901383	0.52605826	0.69553886	0.85934712	1.11436258		0.925413	2.45464449		1.818750	0.60924459	2.43783386	3.22994822	5.53122303	6.01255806			
0.456256	0.50153391	0.52667724	0.69962169	0.85668291	1.12143731		0.925613	2.45542185		1.831250	0.61285965	2.44337120	3.23570058	5.56940879	6.06143121			
0.458258	0.50303170	0.52837105	0.70387743	0.86235601	1.12860028		0.925813	2.45619921		1.843750	0.61530944	2.44714530	3.23955172	5.59241849	6.09654519			
0.460260	0.50452948	0.53006486	0.70813317	0.86802910	1.13576325		0.926013	2.45697657		1.856250	0.61776472	2.45090094	3.24336330	5.61370222	6.13312898			
0.462262	0.50602727	0.53175866	0.71238891	0.87370219	1.14292622		0.926213	2.45775393		1.868750	0.62147522	2.45647267	3.24908695	5.64180947	6.19081933			
0.464264	0.50752505	0.53345247	0.71664464	0.87937529	1.15008919		0.926413	2.45853129		1.881250	0.62535694	2.46223986	3.25499513	5.66800427	6.25055825			
0.466266	0.50902283	0.53514628	0.72090038	0.88504838	1.15725216		0.926613	2.45930865		1.893750	0.62803875	2.46621007	3.25894966	5.68371796	6.29224952			
0.468268	0.51052062	0.53684008	0.72515612	0.89072147	1.16441513		0.926813	2.46008600		1.906250	0.63074693	2.47014491	3.26284206	5.69883016	6.33573626			
0.470270	0.51132068	0.54057237	0.73124046	0.89869034	1.17443459		0.927014	2.46086336		1.918750	0.63369992	2.47428788	3.26694483	5.71343895	6.38097361			
0.472272	0.51189966	0.54495059	0.73790423	0.90738668	1.18535919		0.927214	2.46164072		1.942500	0.64117109	2.48541898	3.29400348	5.77912929	6.50073327			
0.474274	0.51247865	0.54932882	0.74456801	0.91608302	1.19628380		0.927414	2.46241808		1.961250	0.64711067	2.49439253	3.31894895	5.83776369	6.59767721			
0.476276	0.51305763	0.55370704	0.75123178	0.92477936	1.20720841		0.927614	2.46319544		1.968750	0.65037634	2.49831067	3.30652879	5.81245068	6.63456593			
0.478278	0.51363661	0.55808527	0.75789555	0.93347570	1.21813301		0.927814	2.46397280		1.981250	0.65579553	2.50493678	3.29686191	5.79239868	6.69636775			
0.480280	0.51421559	0.56246349	0.76455932	0.94217204	1.22905762		0.928014	2.46475016		1.993750	0.65956356	2.51000776	3.30180857	5.80307477	6.75177707			
0.482282	0.51459771	0.56709559	0.77130145	0.95093094	1.24003717		0.928214	2.46552752		2.006250	0.66142288	2.51303226	3.30464406	5.81107788	6.79756465			
0.484284	0.51479490	0.57196618	0.77811720	0.95974862	1.25106835		0.928414	2.46630488		2.018750	0.66205127	2.51541395	3.30661691	5.82004606	6.85672955			
0.486286	0.51499209	0.57683676	0.78493294	0.96856630	1.26209953		0.928614	2.46708223		2.031250	0.66168341	2.51672589	3.30770712	5.82856467	6.92246180			
0.488288	0.51518928	0.58170735	0.79174869	0.97738398	1.27313071		0.928814	2.46785959		2.043750	0.66168021	2.51765303	3.30854396	5.83393174	6.96760539			
0.490290	0.51538647	0.58657794	0.79856443	0.98620166	1.28416188		0.929015	2.46863695		2.075000	0.66550770	2.52466585	3.31486330	5.85025724	7.10718415			
0.492292	0.51558366	0.59144853	0.80538018	0.99501934	1.29519306		0.929215	2.46941431		2.125000	0.67271660	2.53703159	3.32620577	5.87626649	7.34060770			
0.494294	0.51574400	0.59592477	0.81161367	1.00307005	1.30525007		0.929415	2.47019167		2.175000	0.68058022	2.54990748	3.33783650	5.90038915	7.57444328			
0.496296	0.51580566	0.59934490	0.81628781	1.00906669	1.31269809		0.929615	2.47096903										
0.498298	0.51586731	0.60276503	0.82096194	1.01506333	1.32014611		0.929815	2.47174639										
0.500300	0.51592896	0.60618516	0.82563607	1.02105998	1.32759413		0.930015	2.47252375										
0.502302	0.51599062	0.60960528	0.83031021	1.02705662	1.33504215		0.930215	2.47330111										
0.504304	0.51605227	0.61302541	0.83498434	1.03305326	1.34249017		0.930415	2.47407846										
0.506306	0.51611390	0.61644718	0.83965596	1.03903782	1.34993560		0.930615	2.47485582										
0.508308	0.51617475	0.61992553	0.84424072	1.04460497	1.35729135		0.930815	2.47563318										
0.510310	0.51623560	0.62340388	0.84882548	1.05017211	1.36464711		0.931016	2.47641054										
0.512312	0.51629645	0.62688223	0.85341024	1.05573926	1.37200286		0.931216	2.47718790										
0.514314	0.51635731	0.63036058	0.85799500	1.06130641	1.37935861		0.931416	2.47779257										
0.516316	0.51641816	0.63383893	0.86257976	1.06687355	1.38671437		0.931616	2.47836139										
0.518318	0.51647901	0.63731728	0.86716452	1.07244070	1.39407012		0.931816	2.47893022										
0.520320	0.51659632	0.64225989	0.87371507	1.08043816	1.40437324		0.932016	2.47949905										
0.522322	0.51672915	0.64760502	0.88080601	1.08910371	1.41548659		0.932216	2.48006787										
0.524324	0.51686199	0.65295016	0.88789696	1.09776927	1.42659995		0.932416	2.48063670										
0.526326	0.51699482	0.65829529	0.89498790	1.10643482	1.43771330		0.932616	2.48120553										
0.528328	0.51712765	0.66364043	0.90207884	1.11510037	1.44882665		0.932816	2.48177435										
0.530330	0.51726048	0.66898556	0.90916979	1.12376593	1.45994001		0.933017	2.48234318										
0.532332	0.51741634	0.67437226	0.91640035	1.13272569	1.47112755		0.933217	2.48291201										
0.534334	0.51759176	0.67979426	0.92374955	1.14193544	1.48237814		0.933417	2.48348083										
0.536336	0.51776719	0.68521627	0.93109875	1.15114520	1.49362873		0.933617	2.48404966										
0.538338	0.51794261	0.69063827	0.93844795	1.16035495	1.50487932		0.933817	2.48461849										
0.540340	0.51811803	0.69606028	0.94579716	1.16956471	1.51612990		0.934017	2.48518731										
0.542342	0.51829345	0.70148228	0.95314636	1.17877447	1.52738049		0.934217	2.48575614										
0.544344	0.51845605	0.70638818	0.95979859	1.18709732	1.53752435		0.934417	2.48632497										
0.546346	0.51858826	0.71007172	0.96480011	1.19331964	1.54504699		0.934617	2.48689379										
0.548348	0.51872048	0.71375526	0.96980164	1.19954195	1.55256964		0.934817	2.48746262										
0.550350	0.51885270	0.71743880	0.97480316	1.20576426	1.56009228		0.935018	2.48803144										
0.552352	0.51898491	0.72112234	0.97980468	1.21198658	1.56761493		0.935218	2.48860027										
0.554354	0.51911713	0.72480588	0.98480621	1.21820889	1.57513757		0.935418	2.48916910										
0.556356	0.51924774	0.72849249	0.98981071	1.22443487	1.58265969		0.935618	2.48973792										
0.558358	0.51934965	0.73223382	0.99486842	1.23072624	1.59017244		0.935818	2.49030675										
0.560360	0.51945156	0.73597515	0.99992612	1.23701760	1.59768519		0.936018	2.49087558										
0.562362	0.51955348	0.73971647	1.00498382	1.24330897	1.60519794		0.936218	2.49144440										
0.564364	0.51965539	0.74345780	1.01004152	1.24960034	1.61271070		0.936418	2.49201323										
0.566366	0.51975730	0.74719912	1.01509922	1.25589171	1.62022345		0.936618	2.49258206										
0.568368	0.51985922	0.75094045	1.02015693	1.26218307	1.62773620		0.936818	2.49315088										
0.570370	0.52000191	0.75627350	1.02736299	1.27108338	1.63820037		0.937019	2.49371971										
0.572372	0.52015421	0.76198144	1.03507505	1.28059815	1.64935967		0.937219	2.49428854										
0.574374	0.52030651	0.76768938	1.04278711	1.29011292	1.66051897		0.937419	2.49485736										
0.576376	0.52045881	0.77339732	1.05049916	1.29962769	1.67167827		0.937619	2.49542619										
0.578378	0.52061111	0.77910526	1.05821122	1.30914246	1.68283757		0.937819	2.49599502										
0.580380	0.52076341	0.78481319	1.06592327	1.31865723	1.69399687		0.938019	2.49656384										
0.582382	0.52092226	0.79055726	1.07368336	1.32820155	1.70509344		0.938219	2.49713267										
0.584384	0.52108613	0.79632908	1.08148034	1.33776855	1.71614183		0.938419	2.49770150										
0.586386	0.52125001	0.80210089	1.08927731	1.34733555	1.72719021		0.938619	2.49827032										
0.588388	0.52141389	0.80787270	1.09707429	1.35690256	1.73823860		0.938819	2.49883915										
0.590390	0.52157777	0.81364452	1.10487126	1.36646956	1.74928699		0.939020	2.49940798										
0.592392	0.52174164	0.81941633	1.11266824	1.37603657	1.76033538		0.939220	2.49997680										
0.594394	0.52188832	0.82459233	1.11965466	1.38459985	1.77013891		0.939420	2.50054563										
0.596396	0.52199875	0.82851308	1.12493343	1.39104850	1.77731979		0.939620	2.50111446										
0.598398	0.52210917	0.83243382	1.13021220	1.39749715	1.78450067		0.939820	2.50168328										
0.600400	0.52221960	0.83635457	1.13549097	1.40394580	1.79168155		0.940020	2.50225211										
0.602402	0.52233003	0.84027531	1.14076974	1.41039445	1.79886243		0.940220	2.50282093										
0.604404	0.52244046	0.84419606	1.14604851	1.41684311	1.80604331		0.940420	2.50338976										
0.606406	0.52255056	0.84812039	1.15133116	1.42329434	1.81321007		0.940620	2.50395859										
0.608408	0.52265676	0.85208713	1.15665955	1.42977601	1.82021018		0.940820	2.50452741										
0.610410	0.52276297	0.85605386	1.16198793	1.43625768	1.82721030		0.941021	2.50509624										
0.612412	0.52286917	0.86002059	1.16731632	1.44273935	1.83421042		0.941221	2.50566507										
0.614414	0.52297538	0.86398732	1.17264471	1.44922102	1.84121053		0.941421	2.50623389										
0.616416	0.52308158	0.86795406	1.17797310	1.45570270	1.84821065		0.941621	2.50680272										
0.618418	0.52318779	0.87192079	1.18330149	1.46218437	1.85521077		0.941821	2.50737155										
0.620420	0.52330144	0.87762789	1.19094348	1.47141215	1.86463856		0.942021	2.50794037										
0.622422	0.52341657	0.88368045	1.19904473	1.48118503	1.87454826		0.942221	2.50850920										
0.624424	0.52353170	0.88973302	1.20714597	1.49095792	1.88445796		0.942421	2.50907803										
0.626426	0.52364684	0.89578558	1.21524722	1.50073081	1.89436765		0.942621	2.50964685										
0.628428	0.52376197	0.90183815	1.22334847	1.51050370	1.90427735		0.942821	2.51021568										
0.630430	0.52387710	0.90789071	1.23144971	1.52027658	1.91418705		0.943022	2.51078451										
0.632432	0.52397564	0.91398411	1.23959586	1.53005038	1.92379954		0.943222	2.51135333										
0.634434	0.52406266	0.92010581	1.24777313	1.53982479	1.93320605		0.943422	2.51192216										
0.636436	0.52414969	0.92622750	1.25595040	1.54959921	1.94261255		0.943622	2.51249099										
0.638438	0.52423672	0.93234920	1.26412767	1.55937363	1.95201906		0.943822	2.51306925										
0.640440	0.52432375	0.93847090	1.27230494	1.56914805	1.96142556		0.944022	2.51366434										
0.642442	0.52441078	0.94459260	1.28048221	1.57892246	1.97083206		0.944222	2.51425943										
0.644444	0.52448293	0.95003102	1.28773914	1.58757226	1.97894087		0.944422	2.51485452										
0.646446	0.52452707	0.95418293	1.29326318	1.59410454	1.98460625		0.944622	2.51544961										
0.648448	0.52457120	0.95833484	1.29878721	1.60063682	1.99027164		0.944822	2.51604469										
0.650450	0.52461534	0.96248674	1.30431124	1.60716910	1.99593703		0.945023	2.51663978										
0.652452	0.52465947	0.96663865	1.30983527	1.61370137	2.00160242		0.945223	2.51723487										
0.654454	0.52470361	0.97079056	1.31535931	1.62023365	2.00726780		0.945423	2.51782996										
0.656456	0.52475011	0.97516754	1.32117817	1.62710852	2.01311035		0.945623	2.51842505										
0.658458	0.52481720	0.98150198	1.32956121	1.63696289	2.02049368		0.945823	2.51902014										
0.660460	0.52488428	0.98783642	1.33794424	1.64681726	2.02787701		0.946023	2.51961523										
0.662462	0.52495137	0.99417087	1.34632728	1.65667163	2.03526033		0.946223	2.52021032										
0.664464	0.52501846	1.00050531	1.35471031	1.66652601	2.04264366		0.946423	2.52080540										
0.666466	0.52508555	1.00683975	1.36309334	1.67638038	2.05002699		0.946623	2.52140049										
0.668468	0.52515263	1.01317420	1.37147638	1.68623475	2.05741031		0.946823	2.52199558										
0.670470	0.52521612	1.01956863	1.37991526	1.69608313	2.06412869		0.947024	2.52259067										
0.672472	0.52527902	1.02597289	1.38836327	1.70593052	2.07073826		0.947224	2.52318576										
0.674474	0.52534192	1.03237714	1.39681129	1.71577792	2.07734783		0.947424	2.52378085										
0.676476	0.52540482	1.03878139	1.40525931	1.72562532	2.08395740		0.947624	2.52437594										
0.678478	0.52546772	1.04518565	1.41370732	1.73547271	2.09056697		0.947824	2.52497103										
0.680480	0.52553061	1.05158990	1.42215534	1.74532011	2.09717654		0.948024	2.52556611										
0.682482	0.52556878	1.05672274	1.42890644	1.75314001	2.10194923		0.948224	2.52616120										
0.684484	0.52559151	1.06106176	1.43459803	1.75969402	2.10557503		0.948424	2.52675629										
0.686486	0.52561424	1.06540078	1.44028963	1.76624802	2.10920082		0.948624	2.52735138										
0.688488	0.52563697	1.06973980	1.44598122	1.77280203	2.11282662		0.948824	2.52794647										
0.690490	0.52565970	1.07407882	1.45167282	1.77935604	2.11645242		0.949025	2.52854156										
0.692492	0.52568243	1.07841784	1.45736441	1.78591004	2.12007822		0.949225	2.52913665										
0.694494	0.52569940	1.08277428	1.46306943	1.79246223	2.12352401		0.949425	2.52973174										
0.696496	0.52570666	1.08716015	1.46879712	1.79901134	2.12666575		0.949625	2.53032682										
0.698498	0.52571391	1.09154602	1.47452481	1.80556045	2.12980748		0.949825	2.53092191										
0.700501	0.52572117	1.09593190	1.48025250	1.81210956	2.13294922		0.950025	2.53151700										
0.702503	0.52572842	1.10031777	1.48598019	1.81865867	2.13609096		0.950225	2.53211209										
0.704505	0.52573568	1.10470364	1.49170788	1.82520778	2.13923270		0.950425	2.53270718										
0.706507	0.52574141	1.10938365	1.49781161	1.83216390	2.14245977		0.950625	2.53330227										
0.708509	0.52573676	1.11606520	1.50647425	1.84188971	2.14626755		0.950825	2.53389736										
0.710511	0.52573212	1.12274676	1.51513689	1.85161552	2.15007533		0.951026	2.53449245										
0.712513	0.52572748	1.12942832	1.52379953	1.86134133	2.15388310		0.951226	2.53508753										
0.714515	0.52572283	1.13610988	1.53246217	1.87106714	2.15769088		0.951426	2.53568262										
0.716517	0.52571819	1.14279144	1.54112480	1.88079294	2.16149866		0.951626	2.53627771										
0.718519	0.52571354	1.14947300	1.54978744	1.89051875	2.16530643		0.951826	2.53687280										
0.720521	0.52570520	1.15621573	1.55849462	1.90019880	2.16867663		0.952026	2.53746789										
0.722523	0.52569637	1.16296646	1.56720761	1.90987286	2.17198962		0.952226	2.53806298										
0.724525	0.52568755	1.16971719	1.57592061	1.91954692	2.17530261		0.952426	2.53865807										
0.726527	0.52567872	1.17646791	1.58463361	1.92922099	2.17861560		0.952626	2.53925316										
0.728529	0.52566989	1.18321864	1.59334660	1.93889505	2.18192859		0.952826	2.53984824										
0.730531	0.52566107	1.18996937	1.60205960	1.94856911	2.18524158		0.953027	2.54044333										
0.732533	0.52563797	1.19532304	1.60893491	1.95599133	2.18759783		0.953227	2.54103842										
0.734535	0.52560686	1.19989300	1.61477934	1.96215031	2.18941736		0.953427	2.54163351										
0.736537	0.52557575	1.20446296	1.62062376	1.96830929	2.19123690		0.953627	2.54222860										
0.738539	0.52554464	1.20903292	1.62646819	1.97446828	2.19305644		0.953827	2.54282369										
0.740541	0.52551353	1.21360288	1.63231261	1.98062726	2.19487598		0.954027	2.54341878										
0.742543	0.52548242	1.21817283	1.63815704	1.98678624	2.19669552		0.954227	2.54401387										
0.744545	0.52544765	1.22276087	1.64400873	1.99292310	2.19843753		0.954427	2.54460895										
0.746547	0.52540731	1.22737637	1.64987147	1.99902634	2.20006172		0.954627	2.54520404										
0.748549	0.52536697	1.23199187	1.65573422	2.00512957	2.20168591		0.954827	2.54579913										
0.750551	0.52532663	1.23660738	1.66159696	2.01123281	2.20331009		0.955028	2.54639422										
0.752553	0.52528630	1.24122288	1.66745971	2.01733605	2.20493428		0.955228	2.54698931										
0.754555	0.52524596	1.24583838	1.67332245	2.02343929	2.20655847		0.955428	2.54758440										
0.756557	0.52520793	1.25046088	1.67918930	2.02957161	2.20815914		0.955628	2.54817949										
0.758559	0.52518268	1.25512204	1.68507887	2.03586483	2.20962967		0.955828	2.54877458										
0.760561	0.52515743	1.25978320	1.69096844	2.04215805	2.21110020		0.956028	2.54936966										
0.762563	0.52513219	1.26444436	1.69685801	2.04845127	2.21257073		0.956228	2.54996475										
0.764565	0.52510694	1.26910552	1.70274758	2.05474449	2.21404126		0.956428	2.55088065										
0.766567	0.52508169	1.27376668	1.70863715	2.06103771	2.21551180		0.956628	2.55183594										
0.768569	0.52505644	1.27842784	1.71452671	2.06733093	2.21698233		0.956828	2.55279124										
0.770571	0.52501260	1.28530021	1.72310405	2.07633463	2.21891988		0.957029	2.55374653										
0.772573	0.52496690	1.29239295	1.73194925	2.08560844	2.22090397		0.957229	2.55470182										
0.774575	0.52492121	1.29948569	1.74079444	2.09488226	2.22288806		0.957429	2.55565712										
0.776577	0.52487552	1.30657843	1.74963963	2.10415608	2.22487215		0.957629	2.55661241										
0.778579	0.52482982	1.31367117	1.75848482	2.11342990	2.22685625		0.957829	2.55756770										
0.780581	0.52478413	1.32076391	1.76733001	2.12270371	2.22884034		0.958029	2.55852300										
0.782583	0.52472664	1.32790029	1.77616811	2.13189046	2.23075568		0.958229	2.55947829										
0.784585	0.52466322	1.33505859	1.78500265	2.14103346	2.23263648		0.958429	2.56043359										
0.786587	0.52459981	1.34221689	1.79383718	2.15017646	2.23451728		0.958629	2.56138888										
0.788589	0.52453639	1.34937519	1.80267172	2.15931946	2.23639808		0.958829	2.56234417										
0.790591	0.52447298	1.35653349	1.81150626	2.16846246	2.23827888		0.959030	2.56329947										
0.792593	0.52440956	1.36369178	1.82034079	2.17760545	2.24015968		0.959230	2.56425476										
0.794595	0.52435123	1.36987123	1.82792140	2.18540132	2.24175608		0.959430	2.56521005										
0.796597	0.52429985	1.37470928	1.83378366	2.19135113	2.24296276		0.959630	2.56616535										
0.798599	0.52424848	1.37954734	1.83964592	2.19730093	2.24416944		0.959830	2.56712064										
0.800601	0.52419711	1.38438539	1.84550818	2.20325073	2.24537613		0.960030	2.56807593										
0.802603	0.52414573	1.38922344	1.85137044	2.20920054	2.24658281		0.960230	2.56903123										
0.804605	0.52409436	1.39406150	1.85723270	2.21515034	2.24778949		0.960430	2.56998652										
0.806607	0.52404480	1.39890754	1.86308796	2.22087796	2.24920326		0.960630	2.57094181										
0.808609	0.52400360	1.40379044	1.86891097	2.22558044	2.25157254		0.960830	2.57189711										
0.810611	0.52396240	1.40867333	1.87473398	2.23028291	2.25394181		0.961031	2.57285240										
0.812613	0.52392120	1.41355623	1.88055699	2.23498539	2.25631109		0.961231	2.57380770										
0.814615	0.52388001	1.41843912	1.88638000	2.23968786	2.25868037		0.961431	2.57476299										
0.816617	0.52383881	1.42332202	1.89220301	2.24439034	2.26104965		0.961631	2.57571828										
0.818619	0.52379761	1.42820492	1.89802602	2.24909282	2.26341892		0.961831	2.57667358										
0.820621	0.52373270	1.43545897	1.90639996	2.25232431	2.27044289		0.962031	2.57762887										
0.822623	0.52366613	1.44287957	1.91495305	2.25545249	2.27779377		0.962231	2.57858416										
0.824625	0.52359956	1.45030016	1.92350615	2.25858067	2.28514465		0.962431	2.57953946										
0.826627	0.52353298	1.45772076	1.93205925	2.26170885	2.29249553		0.962631	2.58049475										
0.828629	0.52346641	1.46514135	1.94061234	2.26483702	2.29984641		0.962831	2.58145004										
0.830631	0.52339983	1.47256194	1.94916544	2.26796520	2.30719729		0.963032	2.58240534										
0.832633	0.52333103	1.48002604	1.95758914	2.27043225	2.31518601		0.963232	2.58336063										
0.834635	0.52326123	1.48750963	1.96595488	2.27260314	2.32346045		0.963432	2.58431593										
0.836637	0.52319143	1.49499322	1.97432062	2.27477403	2.33173490		0.963632	2.58527122										
0.838639	0.52312163	1.50247680	1.98268637	2.27694492	2.34000934		0.963832	2.58622651										
0.840641	0.52305183	1.50996039	1.99105211	2.27911581	2.34828378		0.964032	2.58718181										
0.842643	0.52298202	1.51744398	1.99941785	2.28128670	2.35655823		0.964232	2.58813710										
0.844645	0.52292105	1.52384035	2.00641404	2.28324950	2.36350022		0.964432	2.58909239										
0.846647	0.52287100	1.52889103	2.01171507	2.28495473	2.36879295		0.964632	2.59004769										
0.848649	0.52282095	1.53394170	2.01701610	2.28665997	2.37408568		0.964832	2.59100298										
0.850651	0.52277090	1.53899237	2.02231713	2.28836520	2.37937841		0.965033	2.59195827										
0.852653	0.52272085	1.54404305	2.02761816	2.29007044	2.38467114		0.965233	2.59291357										
0.854655	0.52267080	1.54909372	2.03291918	2.29177567	2.38996387		0.965433	2.59386886										
0.856657	0.52261357	1.55467424	2.03861471	2.29380206	2.39571398		0.965633	2.59482415										
0.858659	0.52252813	1.56233340	2.04585790	2.29708836	2.40325843		0.965833	2.59577945										
0.860661	0.52244269	1.56999255	2.05310108	2.30037465	2.41080288		0.966033	2.59673474										
0.862663	0.52235725	1.57765171	2.06034426	2.30366094	2.41834733		0.966233	2.59769004										
0.864665	0.52227181	1.58531086	2.06758745	2.30694724	2.42589178		0.966433	2.59864533										
0.866667	0.52218637	1.59297002	2.07483063	2.31023353	2.43343623		0.966633	2.59960062										
0.868669	0.52210094	1.60062918	2.08207382	2.31351982	2.44098068		0.966833	2.60055592										
0.870671	0.52200763	1.60833651	2.08871886	2.31742032	2.44826835		0.967034	2.60151121										
0.872673	0.52191399	1.61604589	2.09533858	2.32134682	2.45554515		0.967234	2.60246650										
0.874675	0.52182035	1.62375527	2.10195830	2.32527333	2.46282195		0.967434	2.60342180										
0.876677	0.52172671	1.63146465	2.10857802	2.32919983	2.47009875		0.967634	2.60437709										
0.878679	0.52163307	1.63917403	2.11519774	2.33312634	2.47737554		0.967834	2.60533238										
0.880681	0.52153944	1.64688341	2.12181746	2.33705284	2.48465234		0.968034	2.60628768										
0.882683	0.52146853	1.65279161	2.12633254	2.34060653	2.49000487		0.968234	2.60724297										
0.884685	0.52140665	1.65798406	2.13001128	2.34401208	2.49459273		0.968434	2.60819826										
0.886687	0.52134477	1.66317650	2.13369002	2.34741763	2.49918059		0.968634	2.60915356										
0.888689	0.52128289	1.66836895	2.13736876	2.35082318	2.50376846		0.968834	2.61010620										
0.890691	0.52122102	1.67356140	2.14104751	2.35422873	2.50835632		0.969035	2.61105520										
0.892693	0.52115914	1.67875384	2.14472625	2.35763428	2.51294418		0.969235	2.61200421										
0.894695	0.52109961	1.68396366	2.14815839	2.36131127	2.51744413		0.969435	2.61295321										
0.896697	0.52104270	1.68919293	2.15131455	2.36529208	2.52184569		0.969635	2.61390221										
0.898699	0.52098579	1.69442219	2.15447071	2.36927288	2.52624725		0.969835	2.61485122										
0.900701	0.52092888	1.69965145	2.15762687	2.37325368	2.53064881		0.970035	2.61580022										
0.902703	0.52087197	1.70488072	2.16078303	2.37723448	2.53505037		0.970235	2.61674923										
0.904705	0.52081506	1.71010998	2.16393919	2.38121528	2.53945194		0.970435	2.61769823										
0.906707	0.52074950	1.71594946	2.16721167	2.38591285	2.54425691		0.970635	2.61864724										
0.908709	0.52065468	1.72385364	2.17087772	2.39303563	2.55042686		0.970835	2.61959624										
0.910711	0.52055986	1.73175781	2.17454377	2.40015842	2.55659682		0.971036	2.62054524										
0.912713	0.52046504	1.73966199	2.17820981	2.40728121	2.56276677		0.971236	2.62149425										
0.914715	0.52037022	1.74756617	2.18187586	2.41440400	2.56893672		0.971436	2.62244325										
0.916717	0.52027540	1.75547034	2.18554191	2.42152679	2.57510667		0.971636	2.62339226										
0.918719	0.52018058	1.76337452	2.18920795	2.42864958	2.58127663		0.971836	2.62434126										
0.920721	0.52008806	1.77130928	2.19230129	2.43641683	2.58716544		0.972036	2.62529026										
0.922723	0.51999557	1.77924453	2.19538553	2.44419431	2.59304978		0.972236	2.62623927										
0.924725	0.51990309	1.78717978	2.19846977	2.45197179	2.59893413		0.972436	2.62718827										
0.926727	0.51981060	1.79511503	2.20155401	2.45974927	2.60481848		0.972636	2.62813728										
0.928729	0.51971811	1.80305027	2.20463826	2.46752675	2.61070283		0.972836	2.62908628										
0.930731	0.51962563	1.81098552	2.20772250	2.47530422	2.61658717		0.973037	2.63003528										
0.932733	0.51956327	1.81697605	2.20970191	2.48153649	2.62080799		0.973237	2.63098429										
0.934735	0.51951147	1.82228552	2.21129440	2.48722760	2.62444621		0.973437	2.63193329										
0.936737	0.51945967	1.82759498	2.21288689	2.49291871	2.62808443		0.973637	2.63288230										
0.938739	0.51940787	1.83290445	2.21447938	2.49860982	2.63172266		0.973837	2.63383130										
0.940741	0.51935607	1.83821391	2.21607188	2.50430094	2.63536088		0.974037	2.63478030										
0.942743	0.51930427	1.84352338	2.21766437	2.50999205	2.63899910		0.974237	2.63572931										
0.944745	0.51928385	1.84884035	2.21918592	2.51581372	2.64257103		0.974437	2.63667831										
0.946747	0.51929520	1.85416491	2.22063564	2.52176758	2.64607582		0.974637	2.63762732										
0.948749	0.51930656	1.85948948	2.22208537	2.52772145	2.64958060		0.974837	2.63857632										
0.950751	0.51931791	1.86481405	2.22353509	2.53367532	2.65308539		0.975038	2.63952533										
0.952753	0.51932927	1.87013862	2.22498481	2.53962918	2.65659018		0.975238	2.64047433										
0.954755	0.51934062	1.87546319	2.22643454	2.54558305	2.66009497		0.975438	2.64142333										
0.956757	0.51948276	1.88148254	2.22810877	2.55244914	2.66434606		0.975638	2.64237234										
0.958759	0.52001077	1.88955192	2.23044542	2.56200686	2.67079921		0.975838	2.64332134										
0.960761	0.52053879	1.89762131	2.23278208	2.57156457	2.67725235		0.976038	2.64427035										
0.962763	0.52106681	1.90569070	2.23511874	2.58112229	2.68370549		0.976238	2.64521935										
0.964765	0.52159483	1.91376009	2.23745540	2.59068001	2.69015864		0.976438	2.64616835										
0.966767	0.52212285	1.92182948	2.23979205	2.60023772	2.69661178		0.976638	2.64711736										
0.968769	0.52264404	1.92989687	2.24212283	2.60979485	2.70304606		0.976838	2.64806636										
0.970771	0.52244442	1.93775336	2.24383206	2.61928964	2.70748745		0.977039	2.64901537										
0.972773	0.52224480	1.94560986	2.24554130	2.62878443	2.71192883		0.977239	2.64996437										
0.974775	0.52204517	1.95346636	2.24725053	2.63827922	2.71637022		0.977439	2.65091337										
0.976777	0.52184555	1.96132286	2.24895977	2.64777401	2.72081161		0.977639	2.65186238										
0.978779	0.52164593	1.96917935	2.25066900	2.65726880	2.72525299		0.977839	2.65281138										
0.980781	0.52144630	1.97703585	2.25237824	2.66676360	2.72969438		0.978039	2.65376039										
0.982783	0.52083251	1.98270382	2.25333005	2.67378795	2.73154079		0.978239	2.65470939										
0.984785	0.52009193	1.98770184	2.25405000	2.68005605	2.73259283		0.978439	2.65565840										
0.986787	0.51935135	1.99269986	2.25476994	2.68632415	2.73364486		0.978639	2.65660740										
0.988789	0.51861077	1.99769788	2.25548989	2.69259225	2.73469690		0.978839	2.65755640										
0.990791	0.51787019	2.00269589	2.25620984	2.69886035	2.73574894		0.979040	2.65850541										
0.992793	0.51712961	2.00769391	2.25692979	2.70512845	2.73680097		0.979240	2.65945441										
0.994795	0.51672329	2.01269388	2.25796918	2.71120376	2.73902611		0.979440	2.66040342										
0.996797	0.51662321	2.01769563	2.25930124	2.71710245	2.74232599		0.979640	2.66135242										
0.998799	0.51652313	2.02269738	2.26063330	2.72300115	2.74562588		0.979840	2.66230142										
1.000801	0.51642305	2.02769913	2.26196536	2.72889984	2.74892577		0.980040	2.66325043										
1.002803	0.51632297	2.03270087	2.26329742	2.73479853	2.75222566		0.980240	2.66419943										
1.004805	0.51622289	2.03770262	2.26462948	2.74069722	2.75552555		0.980440	2.66514844										
1.006807	0.51611625	2.04264582	2.26601045	2.74600645	2.75938892		0.980640	2.66609744										
1.008809	0.51599257	2.04743702	2.26751836	2.74978574	2.76471481		0.980840	2.66704644										
1.010811	0.51586889	2.05222822	2.26902628	2.75356502	2.77004071		0.981041	2.66799545										
1.012813	0.51574521	2.05701943	2.27053420	2.75734431	2.77536660		0.981241	2.66894445										
1.014815	0.51562153	2.06181063	2.27204211	2.76112360	2.78069250		0.981441	2.66958607										
1.016817	0.51549785	2.06660184	2.27355003	2.76490288	2.78601839		0.981641	2.67021256										
1.018819	0.51537227	2.07144828	2.27511035	2.76866666	2.79151059		0.981841	2.67083906										
1.020821	0.51519334	2.07784644	2.27814281	2.77199471	2.80167444		0.982041	2.67146556										
1.022823	0.51501441	2.08424459	2.28117527	2.77532276	2.81183829		0.982241	2.67209205										
1.024825	0.51483548	2.09064275	2.28420773	2.77865081	2.82200214		0.982441	2.67271855										
1.026827	0.51465655	2.09704091	2.28724019	2.78197886	2.83216599		0.982641	2.67334504										
1.028829	0.51447762	2.10343906	2.29027265	2.78530692	2.84232984		0.982841	2.67397154										
1.030831	0.51429870	2.10983722	2.29330511	2.78863497	2.85249370		0.983042	2.67459804										
1.032833	0.51414100	2.11570072	2.29690394	2.79182508	2.86272584		0.983242	2.67522453										
1.034835	0.51398892	2.12142263	2.30065276	2.79497867	2.87297607		0.983442	2.67585103										
1.036837	0.51383684	2.12714455	2.30440158	2.79813226	2.88322629		0.983642	2.67647753										
1.038839	0.51368477	2.13286646	2.30815040	2.80128584	2.89347652		0.983842	2.67710402										
1.040841	0.51353269	2.13858837	2.31189922	2.80443943	2.90372675		0.984042	2.67773052										
1.042843	0.51338061	2.14431028	2.31564804	2.80759301	2.91397697		0.984242	2.67835702										
1.044845	0.51326113	2.14855303	2.31917528	2.81007903	2.92239840		0.984442	2.67898351										
1.046847	0.51316864	2.15157018	2.32251894	2.81201191	2.92930452		0.984642	2.67961001										
1.048849	0.51307616	2.15458733	2.32586259	2.81394479	2.93621065		0.984842	2.68023650										
1.050851	0.51298368	2.15760448	2.32920624	2.81587767	2.94311677		0.985043	2.68086300										
1.052853	0.51289120	2.16062163	2.33254990	2.81781055	2.95002290		0.985243	2.68148950										
1.054855	0.51279872	2.16363878	2.33589355	2.81974343	2.95692903		0.985443	2.68211599										
1.056857	0.51269290	2.16674316	2.34012928	2.82189920	2.96490905		0.985643	2.68274249										
1.058859	0.51255644	2.17004806	2.34641587	2.82456738	2.97535791		0.985843	2.68336899										
1.060861	0.51241997	2.17335296	2.35270247	2.82723556	2.98580678		0.986043	2.68399548										
1.062863	0.51228350	2.17665786	2.35898906	2.82990373	2.99625564		0.986243	2.68462198										
1.064865	0.51214704	2.17996276	2.36527565	2.83257191	3.00670451		0.986443	2.68524848										
1.066867	0.51201057	2.18326766	2.37156224	2.83524008	3.01715337		0.986643	2.68587497										
1.068869	0.51187425	2.18653195	2.37789172	2.83789987	3.02760548		0.986843	2.68650147										
1.070871	0.51174032	2.18915298	2.38490047	2.84042678	3.03810896		0.987044	2.68712796										
1.072873	0.51160638	2.19177400	2.39190923	2.84295368	3.04861243		0.987244	2.68775446										
1.074875	0.51147244	2.19439502	2.39891798	2.84548059	3.05911591		0.987444	2.68838096										
1.076877	0.51133850	2.19701605	2.40592674	2.84800749	3.06961939		0.987644	2.68900745										
1.078879	0.51120457	2.19963707	2.41293549	2.85053439	3.08012286		0.987844	2.68963395										
1.080881	0.51107063	2.20225809	2.41994425	2.85306130	3.09062634		0.988044	2.69026045										
1.082883	0.51097603	2.20373820	2.42551040	2.85479598	3.09831522		0.988244	2.69088694										
1.084885	0.51089033	2.20496039	2.43075044	2.85635157	3.10536785		0.988444	2.69151344										
1.086887	0.51080463	2.20618258	2.43599048	2.85790716	3.11242048		0.988644	2.69213994										
1.088889	0.51071893	2.20740478	2.44123052	2.85946275	3.11947311		0.988844	2.69276643										
1.090891	0.51063323	2.20862697	2.44647056	2.86101835	3.12652574		0.989045	2.69339293										
1.092893	0.51054752	2.20984916	2.45171060	2.86257394	3.13357837		0.989245	2.69401943										
1.094895	0.51045442	2.21092515	2.45709572	2.86406223	3.14063157		0.989445	2.69464592										
1.096897	0.51035576	2.21189168	2.46258943	2.86550014	3.14768520		0.989645	2.69527242										
1.098899	0.51025711	2.21285821	2.46808315	2.86693804	3.15473883		0.989845	2.69589891										
1.100901	0.51015846	2.21382475	2.47357687	2.86837595	3.16179246		0.990045	2.69652541										
1.102903	0.51005980	2.21479128	2.47907059	2.86981386	3.16884609		0.990245	2.69715191										
1.104905	0.50996115	2.21575781	2.48456431	2.87125177	3.17589972		0.990445	2.69777840										
1.106907	0.50986348	2.21666788	2.49012455	2.87266641	3.18296260		0.990645	2.69840490										
1.108909	0.50976783	2.21746232	2.49582100	2.87403343	3.19004444		0.990845	2.69903140										
1.110911	0.50967217	2.21825676	2.50151746	2.87540046	3.19712628		0.991046	2.69965789										
1.112913	0.50957652	2.21905120	2.50721392	2.87676748	3.20420811		0.991246	2.70028439										
1.114915	0.50948086	2.21984564	2.51291037	2.87813450	3.21128995		0.991446	2.70091089										
1.116917	0.50938521	2.22064008	2.51860683	2.87950152	3.21837179		0.991646	2.70153738										
1.118919	0.50928836	2.22144930	2.52457285	2.88091944	3.22576116		0.991846	2.70216388										
1.120921	0.50917861	2.22241893	2.53346415	2.88288969	3.23648790		0.992046	2.70279037										
1.122923	0.50906886	2.22338856	2.54235545	2.88485994	3.24721463		0.992246	2.70341687										
1.124925	0.50895911	2.22435818	2.55124675	2.88683019	3.25794137		0.992446	2.70404337										
1.126927	0.50884936	2.22532781	2.56013805	2.88880045	3.26866811		0.992646	2.70466986										
1.128929	0.50873961	2.22629743	2.56902935	2.89077070	3.27939484		0.992846	2.70529636										
1.130931	0.50862986	2.22726706	2.57792066	2.89274095	3.29012158		0.993047	2.70592286										
1.132933	0.50851693	2.22812120	2.58697274	2.89462882	3.30089183		0.993247	2.70654935										
1.134935	0.50840339	2.22895345	2.59605531	2.89650106	3.31167033		0.993447	2.70717585										
1.136937	0.50828986	2.22978570	2.60513788	2.89837331	3.32244882		0.993647	2.70780235										
1.138939	0.50817632	2.23061795	2.61422045	2.90024556	3.33322732		0.993847	2.70841096										
1.140941	0.50806279	2.23145020	2.62330302	2.90211780	3.34400582		0.994047	2.70900053										
1.142943	0.50794925	2.23228245	2.63238559	2.90399005	3.35478432		0.994247	2.70959011										
1.144945	0.50786223	2.23289319	2.63975162	2.90544098	3.36344334		0.994447	2.71017968										
1.146947	0.50779312	2.23335434	2.64595831	2.90660736	3.37067087		0.994647	2.71076925										
1.148949	0.50772400	2.23381548	2.65216501	2.90777373	3.37789841		0.994847	2.71135883										
1.150951	0.50765488	2.23427663	2.65837170	2.90894011	3.38512594		0.995048	2.71194840										
1.152953	0.50758577	2.23473778	2.66457839	2.91010648	3.39235348		0.995248	2.71253798										
1.154955	0.50751665	2.23519892	2.67078509	2.91127286	3.39958101		0.995448	2.71312755										
1.156957	0.50745408	2.23565044	2.67701549	2.91242732	3.40681219		0.995648	2.71371712										
1.158959	0.50740349	2.23608433	2.68328931	2.91355997	3.41405004		0.995848	2.71430670										
1.160961	0.50735290	2.23651822	2.68956314	2.91469262	3.42128788		0.996048	2.71489627										
1.162963	0.50730231	2.23695211	2.69583696	2.91582526	3.42852573		0.996248	2.71548585										
1.164965	0.50725173	2.23738600	2.70211079	2.91695791	3.43576358		0.996448	2.71607542										
1.166967	0.50720114	2.23781989	2.70838462	2.91809056	3.44300143		0.996648	2.71666499										
1.168969	0.50714791	2.23826911	2.71501772	2.91927250	3.45063965		0.996848	2.71725457										
1.170971	0.50707313	2.23884319	2.72457641	2.92085584	3.46153812		0.997049	2.71784414										
1.172973	0.50699836	2.23941728	2.73413509	2.92243918	3.47243658		0.997249	2.71843372										
1.174975	0.50692359	2.23999136	2.74369377	2.92402253	3.48333505		0.997449	2.71902329										
1.176977	0.50684882	2.24056544	2.75325245	2.92560587	3.49423351		0.997649	2.71961287										
1.178979	0.50677405	2.24113953	2.76281114	2.92718921	3.50513197		0.997849	2.72020244										
1.180981	0.50669928	2.24171361	2.77236982	2.92877255	3.51603044		0.998049	2.72079201										
1.182983	0.50663507	2.24226010	2.78200836	2.93030950	3.52695618		0.998249	2.72138159										
1.184985	0.50657250	2.24280230	2.79165929	2.93183924	3.53788615		0.998449	2.72197116										
1.186987	0.50650994	2.24334451	2.80131022	2.93336898	3.54881613		0.998649	2.72256074										
1.188989	0.50644737	2.24388671	2.81096115	2.93489872	3.55974611		0.998849	2.72315031										
1.190991	0.50638480	2.24442892	2.82061208	2.93642846	3.57067608		0.999050	2.72373988										
1.192993	0.50632224	2.24497112	2.83026301	2.93795820	3.58160606		0.999250	2.72432946										
1.194995	0.50628634	2.24539127	2.83796787	2.93915136	3.59029206		0.999450	2.72491903										
1.196997	0.50626666	2.24573720	2.84448943	2.94013987	3.59761363		0.999650	2.72550861										
1.198999	0.50624698	2.24608313	2.85101100	2.94112838	3.60493520		0.999850	2.72609818										
1.201001	0.50622730	2.24642907	2.85753256	2.94211688	3.61225677		1.000050	2.72668775										
1.203003	0.50620761	2.24677500	2.86405413	2.94310539	3.61957834		1.000250	2.72727733										
1.205005	0.50618793	2.24712093	2.87057569	2.94409390	3.62689991		1.000450	2.72786690										
1.207007	0.50617267	2.24752560	2.87781651	2.94580121	3.63561963		1.000650	2.72845648										
1.209009	0.50616469	2.24802685	2.88624022	2.94869069	3.64663876		1.000850	2.72904605										
1.211011	0.50615670	2.24852811	2.89466393	2.95158017	3.65765789		1.001051	2.72963562										
1.213013	0.50614872	2.24902937	2.90308764	2.95446966	3.66867703		1.001251	2.73022520										
1.215015	0.50614073	2.24953062	2.91151135	2.95735914	3.67969616		1.001451	2.73081477										
1.217017	0.50613274	2.25003188	2.91993506	2.96024862	3.69071530		1.001651	2.73140435										
1.219019	0.50612694	2.25053201	2.92798053	2.96352196	3.70173416		1.001851	2.73199392										
1.221021	0.50613520	2.25102485	2.93358948	2.96926809	3.71275127		1.002051	2.73258350										
1.223023	0.50614345	2.25151769	2.93919843	2.97501422	3.72376837		1.002251	2.73317307										
1.225025	0.50615171	2.25201054	2.94480737	2.98076035	3.73478547		1.002451	2.73376264										
1.227027	0.50615997	2.25250338	2.95041632	2.98650647	3.74580258		1.002651	2.73435222										
1.229029	0.50616823	2.25299622	2.95602527	2.99225260	3.75681968		1.002851	2.73494179										
1.231031	0.50617649	2.25348906	2.96163421	2.99799873	3.76783679		1.003052	2.73553137										
1.233033	0.50619269	2.25382960	2.96304876	3.00460295	3.77559880		1.003252	2.73612094										
1.235035	0.50620986	2.25415144	2.96394821	3.01131256	3.78296107		1.003452	2.73671051										
1.237037	0.50622704	2.25447328	2.96484765	3.01802216	3.79032334		1.003652	2.73730009										
1.239039	0.50624422	2.25479511	2.96574710	3.02473177	3.79768561		1.003852	2.73788966										
1.241041	0.50626139	2.25511695	2.96664655	3.03144138	3.80504787		1.004052	2.73847924										
1.243043	0.50627857	2.25543879	2.96754599	3.03815098	3.81241014		1.004252	2.73906881										
1.245045	0.50630467	2.25576167	2.96842801	3.04488880	3.81980039		1.004452	2.73965838										
1.247047	0.50633564	2.25608513	2.96930052	3.05164201	3.82720591		1.004652	2.74024796										
1.249049	0.50636662	2.25640858	2.97017302	3.05839523	3.83461143		1.004852	2.74083753										
1.251051	0.50639759	2.25673204	2.97104552	3.06514844	3.84201695		1.005053	2.74142711										
1.253053	0.50642857	2.25705549	2.97191802	3.07190166	3.84942247		1.005253	2.74201668										
1.255055	0.50645954	2.25737895	2.97279053	3.07865487	3.85682798		1.005453	2.74260625										
1.257057	0.50649665	2.25770346	2.97365696	3.08542456	3.86423953		1.005653	2.74319583										
1.259059	0.50654285	2.25802954	2.97451441	3.09221865	3.87165999		1.005853	2.74378540										
1.261061	0.50658905	2.25835561	2.97537186	3.09901273	3.87908046		1.006053	2.74437498										
1.263063	0.50663525	2.25868169	2.97622930	3.10580682	3.88650092		1.006253	2.74496124										
1.265065	0.50668144	2.25900776	2.97708675	3.11260090	3.89392139		1.006453	2.74533898										
1.267067	0.50672764	2.25933384	2.97794420	3.11939499	3.90134185		1.006653	2.74571672										
1.269069	0.50678053	2.25968673	2.97886537	3.12674409	3.90935829		1.006853	2.74609446										
1.271071	0.50686872	2.26018108	2.98012260	3.13702060	3.92051821		1.007054	2.74647220										
1.273073	0.50695691	2.26067543	2.98137984	3.14729711	3.93167812		1.007254	2.74684994										
1.275075	0.50704510	2.26116977	2.98263707	3.15757362	3.94283804		1.007454	2.74722768										
1.277077	0.50713329	2.26166412	2.98389431	3.16785013	3.95399796		1.007654	2.74760542										
1.279079	0.50722147	2.26215847	2.98515154	3.17812664	3.96515787		1.007854	2.74798316										
1.281081	0.50730966	2.26265281	2.98640878	3.18840315	3.97631779		1.008054	2.74836090										
1.283083	0.50742213	2.26316138	2.98765591	3.19873144	3.98749727		1.008254	2.74873864										
1.285085	0.50753684	2.26367126	2.98890211	3.20906452	3.99867854		1.008454	2.74911638										
1.287087	0.50765154	2.26418114	2.99014831	3.21939759	4.00985982		1.008654	2.74949412										
1.289089	0.50776625	2.26469101	2.99139451	3.22973066	4.02104110		1.008854	2.74987185										
1.291091	0.50788095	2.26520089	2.99264071	3.24006373	4.03222237		1.009055	2.75024959										
1.293093	0.50799566	2.26571077	2.99388691	3.25039680	4.04340365		1.009255	2.75062733										
1.295095	0.50809679	2.26611261	2.99484212	3.25844633	4.05208803		1.009455	2.75100507										
1.297097	0.50819129	2.26646169	2.99565521	3.26538064	4.05955299		1.009655	2.75138281										
1.299099	0.50828580	2.26681077	2.99646831	3.27231494	4.06701795		1.009855	2.75176055										
1.301101	0.50838030	2.26715985	2.99728140	3.27924925	4.07448291		1.010055	2.75213829										
1.303103	0.50847480	2.26750893	2.99809449	3.28618356	4.08194786		1.010255	2.75251603										
1.305105	0.50856930	2.26785802	2.99890759	3.29311786	4.08941282		1.010455	2.75289377										
1.307107	0.50868890	2.26828167	2.99987855	3.30156409	4.09847896		1.010655	2.75327151										
1.309109	0.50884203	2.26880494	3.00106038	3.31202988	4.10968388		1.010855	2.75364925										
1.311111	0.50899516	2.26932821	3.00224221	3.32249567	4.12088880		1.011056	2.75402699										
1.313113	0.50914829	2.26985148	3.00342404	3.33296145	4.13209372		1.011256	2.75440473										
1.315115	0.50930142	2.27037475	3.00460587	3.34342724	4.14329864		1.011456	2.75478247										
1.317117	0.50945455	2.27089802	3.00578770	3.35389303	4.15450356		1.011656	2.75516021										
1.319119	0.50961376	2.27142633	3.00696928	3.36436716	4.16571655		1.011856	2.75553795										
1.321121	0.50979992	2.27197692	3.00814973	3.37487818	4.17696522		1.012056	2.75591569										
1.323123	0.50998608	2.27252752	3.00933018	3.38538920	4.18821389		1.012256	2.75629343										
1.325125	0.51017224	2.27307811	3.01051063	3.39590022	4.19946256		1.012456	2.75667117										
1.327127	0.51035840	2.27362870	3.01169108	3.40641124	4.21071123		1.012656	2.75704891										
1.329129	0.51054456	2.27417929	3.01287153	3.41692226	4.22195990		1.012856	2.75742664										
1.331131	0.51073072	2.27472989	3.01405198	3.42743328	4.23320857		1.013057	2.75780438										
1.333133	0.51093938	2.27518045	3.01490105	3.43475911	4.24098928		1.013257	2.75818212										
1.335135	0.51114946	2.27562469	3.01572920	3.44188388	4.24855108		1.013457	2.75855986										
1.337137	0.51135954	2.27606893	3.01655735	3.44900866	4.25611287		1.013657	2.75893760										
1.339139	0.51156962	2.27651318	3.01738550	3.45613343	4.26367467		1.013857	2.75931534										
1.341141	0.51177970	2.27695742	3.01821365	3.46325820	4.27123647		1.014057	2.75969308										
1.343143	0.51198979	2.27740166	3.01904180	3.47038298	4.27879826		1.014257	2.76007082										
1.345145	0.51234071	2.27796097	3.02003483	3.47804586	4.28756869		1.014457	2.76044856										
1.347147	0.51275289	2.27857033	3.02109958	3.48594280	4.29686484		1.014657	2.76082630										
1.349149	0.51316507	2.27917970	3.02216432	3.49383975	4.30616099		1.014857	2.76120404										
1.351151	0.51357725	2.27978906	3.02322907	3.50173670	4.31545714		1.015058	2.76158178										
1.353153	0.51398943	2.28039842	3.02429382	3.50963364	4.32475329		1.015258	2.76195952										
1.355155	0.51440162	2.28100778	3.02535857	3.51753059	4.33404944		1.015458	2.76233726										
1.357157	0.51472851	2.28156862	3.02638833	3.52598878	4.34341282		1.015658	2.76271500										
1.359159	0.51495246	2.28207092	3.02737587	3.53512435	4.35285734		1.015858	2.76309274										
1.361161	0.51517642	2.28257322	3.02836341	3.54425991	4.36230187		1.016058	2.76347048										
1.363163	0.51540037	2.28307552	3.02935095	3.55339548	4.37174639		1.016258	2.76384822										
1.365165	0.51562432	2.28357782	3.03033849	3.56253104	4.38119091		1.016458	2.76422596										
1.367167	0.51584828	2.28408012	3.03132603	3.57166661	4.39063544		1.016658	2.76460370										
1.369169	0.51607223	2.28458242	3.03231357	3.58080217	4.40007996		1.016858	2.76498144										
1.371171	0.51629618	2.28508472	3.03330111	3.58993774	4.40952448		1.017059	2.76535917										
1.373173	0.51652014	2.28558702	3.03428865	3.59907330	4.41896901		1.017259	2.76573691										
1.375175	0.51674409	2.28608932	3.03527618	3.60820887	4.42841353		1.017459	2.76611465										
1.377177	0.51696804	2.28659162	3.03626372	3.61734444	4.43785805		1.017659	2.76649239										
1.379179	0.51719200	2.28709392	3.03725126	3.62648000	4.44730258		1.017859	2.76687013										
1.381181	0.51741595	2.28759622	3.03823880	3.63561557	4.45674710		1.018059	2.76724787										
1.383183	0.51752499	2.28799720	3.03903612	3.64424687	4.46527729		1.018259	2.76762561										
1.385185	0.51762994	2.28839457	3.03982666	3.65286022	4.47377493		1.018459	2.76800335										
1.387187	0.51773488	2.28879195	3.04061720	3.66147357	4.48227257		1.018659	2.76838109										
1.389189	0.51783983	2.28918932	3.04140775	3.67008693	4.49077022		1.018859	2.76873417										
1.391191	0.51794478	2.28958670	3.04219829	3.67870028	4.49926786		1.019060	2.76906680										
1.393193	0.51804973	2.28998407	3.04298883	3.68731363	4.50776550		1.019260	2.76939944										
1.395195	0.51815467	2.29038145	3.04377938	3.69592698	4.51626314		1.019460	2.76973208										
1.397197	0.51825962	2.29077882	3.04456992	3.70454034	4.52476078		1.019660	2.77006472										
1.399199	0.51836457	2.29117620	3.04536046	3.71315369	4.53325842		1.019860	2.77039736										
1.401201	0.51846951	2.29157357	3.04615101	3.72176704	4.54175606		1.020060	2.77073000										
1.403203	0.51857446	2.29197095	3.04694155	3.73038039	4.55025371		1.020260	2.77106264										
1.405205	0.51867941	2.29236832	3.04773209	3.73899374	4.55875135		1.020460	2.77139528										
1.407207	0.51879650	2.29274439	3.04842779	3.74675373	4.56669159		1.020660	2.77172791										
1.409209	0.51892683	2.29309721	3.04901996	3.75358225	4.57402344		1.020860	2.77206055										
1.411211	0.51905716	2.29345003	3.04961213	3.76041078	4.58135528		1.021061	2.77239319										
1.413213	0.51918750	2.29380285	3.05020430	3.76723930	4.58868712		1.021261	2.77272583										
1.415215	0.51931783	2.29415567	3.05079647	3.77406783	4.59601897		1.021461	2.77305847										
1.417217	0.51944817	2.29450848	3.05138864	3.78089635	4.60335081		1.021661	2.77339111										
1.419219	0.51961848	2.29492678	3.05209137	3.78867754	4.61158568		1.021861	2.77372375										
1.421221	0.51991941	2.29555898	3.05315525	3.79957075	4.62277043		1.022061	2.77405639										
1.423223	0.52022033	2.29619118	3.05421913	3.81046396	4.63395518		1.022261	2.77438902										
1.425225	0.52052125	2.29682338	3.05528302	3.82135717	4.64513993		1.022461	2.77472166										
1.427227	0.52082217	2.29745557	3.05634690	3.83225038	4.65632468		1.022661	2.77505430										
1.429229	0.52112310	2.29808777	3.05741078	3.84314359	4.66750943		1.022861	2.77538694										
1.431231	0.52142402	2.29871997	3.05847466	3.85403680	4.67869418		1.023062	2.77571958										
1.433233	0.52174360	2.29936946	3.05954153	3.86500977	4.68986404		1.023262	2.77605222										
1.435235	0.52206336	2.30001912	3.06060842	3.87598349	4.70103376		1.023462	2.77638486										
1.437237	0.52238311	2.30066877	3.06167531	3.88695721	4.71220347		1.023662	2.77671750										
1.439239	0.52270287	2.30131842	3.06274221	3.89793093	4.72337318		1.023862	2.77705013										
1.441241	0.52302263	2.30196808	3.06380910	3.90890465	4.73454290		1.024062	2.77738277										
1.443243	0.52334238	2.30261773	3.06487599	3.91987837	4.74571261		1.024262	2.77771541										
1.445245	0.52360174	2.30312121	3.06568137	3.92814456	4.75407751		1.024462	2.77804805										
1.447247	0.52384063	2.30357514	3.06639811	3.93549314	4.76149181		1.024662	2.77838069										
1.449249	0.52407953	2.30402907	3.06711486	3.94284172	4.76890611		1.024862	2.77871333										
1.451251	0.52431842	2.30448300	3.06783160	3.95019029	4.77632041		1.025063	2.77904597										
1.453253	0.52455731	2.30493694	3.06854835	3.95753887	4.78373472		1.025263	2.77937861										
1.455255	0.52479620	2.30539087	3.06926509	3.96488745	4.79114902		1.025463	2.77971124										
1.457257	0.52512236	2.30598461	3.07017568	3.97411522	4.80042006		1.025663	2.78004388										
1.459259	0.52553471	2.30671642	3.07127771	3.98519884	4.81152478		1.025863	2.78037652										
1.461261	0.52594706	2.30744823	3.07237975	3.99628246	4.82262949		1.026063	2.78070916										
1.463263	0.52635940	2.30818004	3.07348178	4.00736608	4.83373421		1.026263	2.78104180										
1.465265	0.52677175	2.30891185	3.07458381	4.01844970	4.84483892		1.026463	2.78137444										
1.467267	0.52718410	2.30964366	3.07568585	4.02953332	4.85594364		1.026663	2.78170708										
1.469269	0.52760041	2.31037903	3.07678938	4.04062381	4.86703615		1.026863	2.78203972										
1.471271	0.52802804	2.31112458	3.07789718	4.05173394	4.87809380		1.027064	2.78237235										
1.473273	0.52845566	2.31187013	3.07900498	4.06284406	4.88915145		1.027264	2.78270499										
1.475275	0.52888329	2.31261567	3.08011279	4.07395419	4.90020911		1.027464	2.78303763										
1.477277	0.52931092	2.31336122	3.08122059	4.08506431	4.91126676		1.027664	2.78337027										
1.479279	0.52973855	2.31410677	3.08232839	4.09617444	4.92232441		1.027864	2.78370291										
1.481281	0.53016413	2.31484862	3.08343040	4.10722706	4.93332354		1.028064	2.78403555										
1.483283	0.53046072	2.31535742	3.08416711	4.11465660	4.94063532		1.028264	2.78436819										
1.485285	0.53075731	2.31586623	3.08490383	4.12208614	4.94794711		1.028464	2.78470083										
1.487287	0.53105390	2.31637504	3.08564055	4.12951569	4.95525890		1.028664	2.78503346										
1.489289	0.53135049	2.31688385	3.08637726	4.13694523	4.96257068		1.028864	2.78536610										
1.491291	0.53164708	2.31739266	3.08711398	4.14437477	4.96988247		1.029065	2.78569874										
1.493293	0.53194367	2.31790147	3.08785069	4.15180432	4.97719426		1.029265	2.78603138										
1.495295	0.53225242	2.31842131	3.08859166	4.15924734	4.98447173		1.029465	2.78636402										
1.497297	0.53256476	2.31894441	3.08933389	4.16669435	4.99173906		1.029665	2.78669666										
1.499299	0.53287711	2.31946751	3.09007611	4.17414136	4.99900639		1.029865	2.78702930										
1.501301	0.53318945	2.31999061	3.09081834	4.18158837	5.00627372		1.030065	2.78736194										
1.503303	0.53350180	2.32051370	3.09156056	4.18903538	5.01354105		1.030265	2.78769457										
1.505305	0.53381414	2.32103680	3.09230279	4.19648238	5.02080839		1.030465	2.78802721										
1.507307	0.53413319	2.32156558	3.09304581	4.20393630	5.02804554		1.030665	2.78835985										
1.509309	0.53445823	2.32209943	3.09378954	4.21139638	5.03525574		1.030865	2.78869249										
1.511311	0.53478327	2.32263328	3.09453327	4.21885646	5.04246594		1.031066	2.78902513										
1.513313	0.53510830	2.32316714	3.09527700	4.22631654	5.04967615		1.031266	2.78935641										
1.515315	0.53543334	2.32370099	3.09602073	4.23377662	5.05688635		1.031466	2.78967161										
1.517317	0.53575838	2.32423484	3.09676447	4.24123670	5.06409655		1.031666	2.78998681										
1.519319	0.53613318	2.32484892	3.09761270	4.24976328	5.07228333		1.031866	2.79030201										
1.521321	0.53663321	2.32566487	3.09872393	4.26097369	5.08292767		1.032066	2.79061721										
1.523323	0.53713324	2.32648083	3.09983516	4.27218411	5.09357201		1.032266	2.79093241										
1.525325	0.53763327	2.32729679	3.10094639	4.28339452	5.10421635		1.032466	2.79124761										
1.527327	0.53813330	2.32811275	3.10205761	4.29460493	5.11486069		1.032666	2.79156281										
1.529329	0.53863333	2.32892870	3.10316884	4.30581535	5.12550503		1.032866	2.79187801										
1.531331	0.53913365	2.32974503	3.10427994	4.31702614	5.13614369		1.033067	2.79219321										
1.533333	0.53964095	2.33056997	3.10538807	4.32824599	5.14664826		1.033267	2.79250841										
1.535335	0.54014824	2.33139492	3.10649619	4.33946583	5.15715282		1.033467	2.79282361										
1.537337	0.54065554	2.33221987	3.10760431	4.35068567	5.16765739		1.033667	2.79313882										
1.539339	0.54116283	2.33304482	3.10871244	4.36190552	5.17816195		1.033867	2.79345402										
1.541341	0.54167013	2.33386976	3.10982056	4.37312536	5.18866652		1.034067	2.79376922										
1.543343	0.54217742	2.33469471	3.11092868	4.38434520	5.19917108		1.034267	2.79408442										
1.545345	0.54256032	2.33531159	3.11174211	4.39259125	5.20675247		1.034467	2.79439962										
1.547347	0.54291150	2.33587544	3.11248043	4.40007928	5.21358874		1.034667	2.79471482										
1.549349	0.54326269	2.33643928	3.11321874	4.40756730	5.22042501		1.034867	2.79503002										
1.551351	0.54361388	2.33700312	3.11395705	4.41505532	5.22726128		1.035068	2.79534522										
1.553353	0.54396506	2.33756697	3.11469537	4.42254335	5.23409755		1.035268	2.79566042										
1.555355	0.54431625	2.33813081	3.11543368	4.43003137	5.24093382		1.035468	2.79597562										
1.557357	0.54477477	2.33885858	3.11637557	4.43958906	5.24948058		1.035668	2.79629082										
1.559359	0.54532001	2.33971877	3.11748193	4.45081885	5.25940927		1.035868	2.79660602										
1.561361	0.54586525	2.34057897	3.11858829	4.46204864	5.26933796		1.036068	2.79692123										
1.563363	0.54641049	2.34143916	3.11969465	4.47327842	5.27926665		1.036268	2.79723643										
1.565365	0.54695573	2.34229935	3.12080101	4.48450821	5.28919534		1.036468	2.79755163										
1.567367	0.54750097	2.34315955	3.12190737	4.49573800	5.29912403		1.036668	2.79786683										
1.569369	0.54804780	2.34402135	3.12301243	4.50696501	5.30897379		1.036868	2.79818203										
1.571371	0.54859819	2.34488674	3.12411458	4.51818581	5.31864738		1.037069	2.79849723										
1.573373	0.54914857	2.34575213	3.12521674	4.52940662	5.32832097		1.037269	2.79881243										
1.575375	0.54969896	2.34661751	3.12631889	4.54062742	5.33799456		1.037469	2.79912763										
1.577377	0.55024935	2.34748290	3.12742105	4.55184822	5.34766814		1.037669	2.79944283										
1.579379	0.55079974	2.34834829	3.12852321	4.56306903	5.35734173		1.037869	2.79975803										
1.581381	0.55133694	2.34919373	3.12959959	4.57404124	5.36678185		1.038069	2.80007323										
1.583383	0.55168642	2.34975508	3.13030908	4.58147409	5.37289785		1.038269	2.80038843										
1.585385	0.55203589	2.35031643	3.13101858	4.58890693	5.37901385		1.038469	2.80070364										
1.587387	0.55238537	2.35087779	3.13172807	4.59633977	5.38512985		1.038669	2.80101884										
1.589389	0.55273484	2.35143914	3.13243756	4.60377261	5.39124584		1.038869	2.80133404										
1.591391	0.55308431	2.35200049	3.13314705	4.61120545	5.39736184		1.039070	2.80164924										
1.593393	0.55343379	2.35256185	3.13385655	4.61863830	5.40347784		1.039270	2.80196444										
1.595395	0.55378688	2.35312700	3.13456368	4.62605868	5.40940036		1.039470	2.80227964										
1.597397	0.55414077	2.35369298	3.13527031	4.63347637	5.41528095		1.039670	2.80259484										
1.599399	0.55449465	2.35425895	3.13597693	4.64089405	5.42116154		1.039870	2.80291004										
1.601401	0.55484853	2.35482493	3.13668355	4.64831174	5.42704213		1.040070	2.80322524										
1.603403	0.55520241	2.35539091	3.13739018	4.65572942	5.43292272		1.040270	2.80354044										
1.605405	0.55555629	2.35595688	3.13809680	4.66314711	5.43880331		1.040470	2.80385564										
1.607407	0.55592700	2.35653903	3.13881449	4.67057341	5.44455690		1.040670	2.80417084										
1.609409	0.55630999	2.35713297	3.13954026	4.67800602	5.45021783		1.040870	2.80448605										
1.611411	0.55669298	2.35772692	3.14026602	4.68543862	5.45587876		1.041071	2.80480125										
1.613413	0.55707597	2.35832086	3.14099179	4.69287122	5.46153969		1.041271	2.80511645										
1.615415	0.55745897	2.35891481	3.14171756	4.70030383	5.46720062		1.041471	2.80543165										
1.617417	0.55784196	2.35950875	3.14244332	4.70773643	5.47286155		1.041671	2.80574685										
1.619419	0.55829161	2.36020487	3.14328812	4.71639318	5.47926286		1.041871	2.80606205										
1.621421	0.55887394	2.36110439	3.14436989	4.72748681	5.48713801		1.042071	2.80637725										
1.623423	0.55945628	2.36200391	3.14545166	4.73858043	5.49501316		1.042271	2.80669245										
1.625425	0.56003861	2.36290343	3.14653342	4.74967406	5.50288831		1.042471	2.80700765										
1.627427	0.56062095	2.36380295	3.14761519	4.76076768	5.51076346		1.042671	2.80732285										
1.629429	0.56120328	2.36470247	3.14869696	4.77186130	5.51863861		1.042871	2.80763805										
1.631431	0.56178564	2.36560227	3.14977813	4.78295035	5.52647558		1.043072	2.80795325										
1.633433	0.56236821	2.36650494	3.15085336	4.79399345	5.53392944		1.043272	2.80826846										
1.635435	0.56295078	2.36740761	3.15192860	4.80503655	5.54138330		1.043472	2.80858366										
1.637437	0.56353335	2.36831028	3.15300383	4.81607965	5.54883715		1.043672	2.80889886										
1.639439	0.56411592	2.36921295	3.15407907	4.82712275	5.55629101		1.043872	2.80913971										
1.641441	0.56469849	2.37011562	3.15515430	4.83816586	5.56374486		1.044072	2.80933290										
1.643443	0.56528106	2.37101829	3.15622953	4.84920896	5.57119872		1.044272	2.80952609										
1.645445	0.56570494	2.37167033	3.15699747	4.85708042	5.57619941		1.044472	2.80971928										
1.647447	0.56610012	2.37227705	3.15770985	4.86437841	5.58075655		1.044672	2.80991247										
1.649449	0.56649531	2.37288377	3.15842222	4.87167640	5.58531368		1.044872	2.81010567										
1.651451	0.56689049	2.37349049	3.15913460	4.87897439	5.58987082		1.045073	2.81029886										
1.653453	0.56728567	2.37409721	3.15984697	4.88627239	5.59442795		1.045273	2.81049205										
1.655455	0.56768085	2.37470392	3.16055935	4.89357038	5.59898509		1.045473	2.81068524										
1.657457	0.56807996	2.37531286	3.16127023	4.90083713	5.60339077		1.045673	2.81087843										
1.659459	0.56848165	2.37592325	3.16198012	4.90808333	5.60769678		1.045873	2.81107162										
1.661461	0.56888334	2.37653365	3.16269001	4.91532953	5.61200279		1.046073	2.81126481										
1.663463	0.56928503	2.37714404	3.16339990	4.92257572	5.61630881		1.046273	2.81145801										
1.665465	0.56968672	2.37775444	3.16410979	4.92982192	5.62061482		1.046473	2.81165120										
1.667467	0.57008841	2.37836483	3.16481968	4.93706812	5.62492083		1.046673	2.81184439										
1.669469	0.57056168	2.37908477	3.16564888	4.94555726	5.62982642		1.046873	2.81203758										
1.671471	0.57116254	2.37999996	3.16669077	4.95626209	5.63580081		1.047074	2.81223077										
1.673473	0.57176341	2.38091516	3.16773266	4.96696692	5.64177521		1.047274	2.81242396										
1.675475	0.57236427	2.38183035	3.16877455	4.97767176	5.64774960		1.047474	2.81261715										
1.677477	0.57296513	2.38274555	3.16981644	4.98837659	5.65372399		1.047674	2.81281035										
1.679479	0.57356600	2.38366074	3.17085833	4.99908142	5.65969839		1.047874	2.81300354										
1.681481	0.57416706	2.38457612	3.17189951	5.00977250	5.66564334		1.048074	2.81319673										
1.683483	0.57476964	2.38549285	3.17293520	5.02035842	5.67136307		1.048274	2.81338992										
1.685485	0.57537221	2.38640959	3.17397090	5.03094434	5.67708280		1.048474	2.81358311										
1.687487	0.57597479	2.38732633	3.17500660	5.04153025	5.68280254		1.048674	2.81377630										
1.689489	0.57657737	2.38824306	3.17604229	5.05211617	5.68852227		1.048874	2.81396949										
1.691491	0.57717995	2.38915980	3.17707799	5.06270208	5.69424201		1.049075	2.81416269										
1.693493	0.57778252	2.39007654	3.17811369	5.07328800	5.69996174		1.049275	2.81435588										
1.695495	0.57821011	2.39072847	3.17884921	5.08068307	5.70386061		1.049475	2.81454907										
1.697497	0.57861197	2.39134148	3.17954063	5.08760923	5.70749190		1.049675	2.81474226										
1.699499	0.57901384	2.39195449	3.18023205	5.09453539	5.71112319		1.049875	2.81493545										
1.701502	0.57941570	2.39256750	3.18092346	5.10146155	5.71475448		1.050075	2.81512864										
1.703504	0.57981757	2.39318052	3.18161488	5.10838771	5.71838577		1.050275	2.81532184										
1.705506	0.58021944	2.39379353	3.18230630	5.11531387	5.72201706		1.050475	2.81551503										
1.707508	0.58074774	2.39459904	3.18320747	5.12424295	5.72671188		1.050675	2.81570822										
1.709510	0.58135089	2.39551852	3.18423284	5.13435782	5.73203636		1.050875	2.81590141										
1.711512	0.58195403	2.39643800	3.18525820	5.14447270	5.73736083		1.051076	2.81609460										
1.713514	0.58255718	2.39735748	3.18628357	5.15458758	5.74268531		1.051276	2.81628779										
1.715516	0.58316033	2.39827696	3.18730893	5.16470246	5.74800978		1.051476	2.81648098										
1.717518	0.58376348	2.39919644	3.18833430	5.17481733	5.75333426		1.051676	2.81667418										
1.719520	0.58436653	2.40011569	3.18935651	5.18484989	5.75865308		1.051876	2.81686737										
1.721522	0.58496941	2.40103456	3.19037368	5.19475061	5.76396285		1.052076	2.81706056										
1.723524	0.58557229	2.40195343	3.19139085	5.20465133	5.76927261		1.052276	2.81725375										
1.725526	0.58617517	2.40287230	3.19240802	5.21455205	5.77458238		1.052476	2.81744694										
1.727528	0.58677805	2.40379117	3.19342520	5.22445277	5.77989215		1.052676	2.81764013										
1.729530	0.58738093	2.40471004	3.19444237	5.23435349	5.78520191		1.052876	2.81783332										
1.731532	0.58795491	2.40558542	3.19541043	5.24375509	5.79026990		1.053077	2.81802652										
1.733534	0.58835223	2.40619501	3.19607842	5.25010649	5.79386034		1.053277	2.81821971										
1.735536	0.58874955	2.40680460	3.19674640	5.25645790	5.79745079		1.053477	2.81841290										
1.737538	0.58914687	2.40741418	3.19741439	5.26280931	5.80104124		1.053677	2.81860609										
1.739540	0.58954419	2.40802377	3.19808237	5.26916071	5.80463169		1.053877	2.81879928										
1.741542	0.58994152	2.40863336	3.19875036	5.27551212	5.80822213		1.054077	2.81899247										
1.743544	0.59033884	2.40924295	3.19941835	5.28186353	5.81181258		1.054277	2.81918566										
1.745546	0.59073883	2.40985307	3.20008243	5.28803900	5.81548160		1.054477	2.81937886										
1.747548	0.59113913	2.41046326	3.20074606	5.29419424	5.81915966		1.054677	2.81957205										
1.749550	0.59153943	2.41107345	3.20140970	5.30034948	5.82283772		1.054877	2.81976524										
1.751552	0.59193973	2.41168363	3.20207333	5.30650472	5.82651578		1.055078	2.81995843										
1.753554	0.59234003	2.41229382	3.20273697	5.31265996	5.83019384		1.055278	2.82015162										
1.755556	0.59274033	2.41290401	3.20340060	5.31881521	5.83387190		1.055478	2.82034481										
1.757558	0.59314242	2.41351439	3.20406129	5.32482689	5.83763093		1.055678	2.82053800										
1.759560	0.59354545	2.41412487	3.20472041	5.33076234	5.84143295		1.055878	2.82073120										
1.761562	0.59394848	2.41473536	3.20537953	5.33669779	5.84523497		1.056078	2.82092439										
1.763564	0.59435151	2.41534584	3.20603865	5.34263323	5.84903699		1.056278	2.82112791										
1.765566	0.59475454	2.41595633	3.20669778	5.34856868	5.85283901		1.056478	2.82139460										
1.767568	0.59515757	2.41656681	3.20735690	5.35450413	5.85664104		1.056678	2.82166128										
1.769570	0.59565074	2.41730842	3.20815604	5.36143661	5.86139654		1.056878	2.82192797										
1.771572	0.59627398	2.41823919	3.20915719	5.36980755	5.86752769		1.057079	2.82219465										
1.773574	0.59689722	2.41916997	3.21015834	5.37817849	5.87365883		1.057279	2.82246133										
1.775576	0.59752045	2.42010074	3.21115949	5.38654944	5.87978997		1.057479	2.82272802										
1.777578	0.59814369	2.42103152	3.21216064	5.39492038	5.88592112		1.057679	2.82299470										
1.779580	0.59876692	2.42196229	3.21316178	5.40329132	5.89205226		1.057879	2.82326139										
1.781582	0.59938968	2.42289244	3.21416132	5.41159386	5.89823351		1.058079	2.82352807										
1.783584	0.60001004	2.42381946	3.21515272	5.41955178	5.90466717		1.058279	2.82379476										
1.785586	0.60063040	2.42474647	3.21614412	5.42750971	5.91110083		1.058479	2.82406144										
1.787588	0.60125075	2.42567348	3.21713552	5.43546763	5.91753449		1.058679	2.82432812										
1.789590	0.60187111	2.42660050	3.21812693	5.44342556	5.92396815		1.058879	2.82459481										
1.791592	0.60249147	2.42752751	3.21911833	5.45138348	5.93040181		1.059080	2.82486149										
1.793594	0.60311183	2.42845452	3.22010973	5.45934141	5.93683547		1.059280	2.82512818										
1.795596	0.60352142	2.42907907	3.22076937	5.46442561	5.94157772		1.059480	2.82539486										
1.797598	0.60391316	2.42967798	3.22140090	5.46926627	5.94617662		1.059680	2.82566154										
1.799600	0.60430490	2.43027688	3.22203243	5.47410694	5.95077552		1.059880	2.82592823										
1.801602	0.60469663	2.43087579	3.22266396	5.47894760	5.95537443		1.060080	2.82619491										
1.803604	0.60508837	2.43147470	3.22329549	5.48378827	5.95997333		1.060280	2.82646160										
1.805606	0.60548011	2.43207361	3.22392702	5.48862893	5.96457224		1.060480	2.82672828										
1.807608	0.60600136	2.43287106	3.22476217	5.49464388	5.97110341		1.060680	2.82699497										
1.809610	0.60658408	2.43376275	3.22569397	5.50121622	5.97855175		1.060880	2.82726165										
1.811612	0.60716681	2.43465444	3.22662577	5.50778855	5.98600009		1.061081	2.82752833										
1.813614	0.60774953	2.43554612	3.22755757	5.51436089	5.99344842		1.061281	2.82779502										
1.815616	0.60833226	2.43643781	3.22848937	5.52093322	6.00089676		1.061481	2.82806170										
1.817618	0.60891498	2.43732950	3.22942117	5.52750556	6.00834510		1.061681	2.82832839										
1.819620	0.60949608	2.43821909	3.23034841	5.53387960	6.01595815		1.061881	2.82859507										
1.821622	0.61007507	2.43910595	3.23126971	5.53999544	6.02378568		1.062081	2.82886175										
1.823624	0.61065406	2.43999282	3.23219101	5.54611127	6.03161321		1.062281	2.82912844										
1.825626	0.61123305	2.44087968	3.23311231	5.55222711	6.03944074		1.062481	2.82939512										
1.827628	0.61181204	2.44176654	3.23403361	5.55834295	6.04726827		1.062681	2.82966181										
1.829630	0.61239103	2.44265340	3.23495490	5.56445879	6.05509580		1.062881	2.82992849										
1.831632	0.61293444	2.44348643	3.23581816	5.57011129	6.06250326		1.063082	2.83019518										
1.833634	0.61332680	2.44409089	3.23643496	5.57379653	6.06812712		1.063282	2.83046186										
1.835636	0.61371916	2.44469535	3.23705175	5.57748176	6.07375098		1.063482	2.83072854										
1.837638	0.61411152	2.44529981	3.23766855	5.58116700	6.07937484		1.063682	2.83099523										
1.839640	0.61450388	2.44590427	3.23828535	5.58485224	6.08499870		1.063882	2.83126191										
1.841642	0.61489624	2.44650873	3.23890215	5.58853747	6.09062256		1.064082	2.83152860										
1.843644	0.61528860	2.44711319	3.23951895	5.59222271	6.09624642		1.064282	2.83179528										
1.845646	0.61568179	2.44771485	3.24012975	5.59564620	6.10209318		1.064482	2.83206197										
1.847648	0.61607503	2.44831635	3.24074021	5.59905500	6.10795245		1.064682	2.83232865										
1.849650	0.61646826	2.44891785	3.24135068	5.60246381	6.11381171		1.064882	2.83259533										
1.851652	0.61686150	2.44951936	3.24196114	5.60587262	6.11967098		1.065083	2.83286202										
1.853654	0.61725474	2.45012086	3.24257160	5.60928142	6.12553024		1.065283	2.83312870										
1.855656	0.61764798	2.45072237	3.24318207	5.61269023	6.13138951		1.065483	2.83339539										
1.857658	0.61818257	2.45152838	3.24400786	5.61686745	6.13962564		1.065683	2.83366207										
1.859660	0.61877684	2.45242075	3.24492456	5.62136911	6.14886534		1.065883	2.83392875										
1.861662	0.61937112	2.45331312	3.24584126	5.62587077	6.15810503		1.066083	2.83419544										
1.863664	0.61996539	2.45420549	3.24675795	5.63037244	6.16734473		1.066283	2.83446212										
1.865666	0.62055966	2.45509786	3.24767465	5.63487410	6.17658442		1.066483	2.83472881										
1.867668	0.62115394	2.45599023	3.24859135	5.63937576	6.18582412		1.066683	2.83499549										
1.869670	0.62176081	2.45689698	3.24952163	5.64373672	6.19521453		1.066883	2.83526218										
1.871672	0.62238251	2.45782066	3.25046789	5.64793208	6.20478233		1.067084	2.83552886										
1.873674	0.62300421	2.45874433	3.25141414	5.65212744	6.21435012		1.067284	2.83579554										
1.875676	0.62362590	2.45966800	3.25236040	5.65632280	6.22391792		1.067484	2.83606223										
1.877678	0.62424760	2.46059168	3.25330665	5.66051817	6.23348571		1.067684	2.83632891										
1.879680	0.62486930	2.46151535	3.25425291	5.66471353	6.24305351		1.067884	2.83659560										
1.881682	0.62544956	2.46237697	3.25513170	5.66854693	6.25199804		1.068084	2.83686228										
1.883684	0.62587908	2.46301284	3.25576505	5.67106364	6.25867532		1.068284	2.83712896										
1.885686	0.62630859	2.46364871	3.25639841	5.67358035	6.26535260		1.068484	2.83739565										
1.887688	0.62673811	2.46428458	3.25703177	5.67609705	6.27202988		1.068684	2.83766233										
1.889690	0.62716763	2.46492045	3.25766513	5.67861376	6.27870716		1.068884	2.83791953										
1.891692	0.62759715	2.46555632	3.25829849	5.68113047	6.28538444		1.069085	2.83817209										
1.893694	0.62802667	2.46619219	3.25893185	5.68364718	6.29206172		1.069285	2.83842466										
1.895696	0.62846029	2.46682255	3.25955553	5.68607026	6.29901848		1.069485	2.83867722										
1.897698	0.62889403	2.46745275	3.26017894	5.68849063	6.30598332		1.069685	2.83892979										
1.899700	0.62932778	2.46808296	3.26080235	5.69091100	6.31294817		1.069885	2.83918235										
1.901702	0.62976152	2.46871316	3.26142575	5.69333138	6.31991301		1.070085	2.83943491										
1.903704	0.63019526	2.46934337	3.26204916	5.69575175	6.32687785		1.070285	2.83968748										
1.905706	0.63062901	2.46997357	3.26267257	5.69817212	6.33384270		1.070485	2.83994004										
1.907708	0.63109130	2.47062805	3.26332051	5.70053379	6.34101169		1.070685	2.84019261										
1.909710	0.63156425	2.47129159	3.26397761	5.70287354	6.34825691		1.070885	2.84044517										
1.911712	0.63203720	2.47195513	3.26463471	5.70521328	6.35550213		1.071086	2.84069773										
1.913714	0.63251015	2.47261867	3.26529181	5.70755303	6.36274735		1.071286	2.84095030										
1.915716	0.63298310	2.47328221	3.26594891	5.70989277	6.36999257		1.071486	2.84120286										
1.917718	0.63345605	2.47394575	3.26660601	5.71223252	6.37723779		1.071686	2.84145543										
1.919720	0.63400497	2.47474237	3.26804964	5.71612111	6.38586343		1.071886	2.84170799										
1.921722	0.63463475	2.47568066	3.27033054	5.72165846	6.39595855		1.072086	2.84196055										
1.923724	0.63526453	2.47661896	3.27261145	5.72719582	6.40605367		1.072286	2.84221312										
1.925726	0.63589431	2.47755725	3.27489235	5.73273317	6.41614879		1.072486	2.84246568										
1.927728	0.63652409	2.47849554	3.27717326	5.73827053	6.42624391		1.072686	2.84271825										
1.929730	0.63715387	2.47943384	3.27945416	5.74380789	6.43633903		1.072886	2.84297081										
1.931732	0.63778365	2.48037213	3.28173506	5.74934524	6.44643415		1.073087	2.84322337										
1.933734	0.63841343	2.48131042	3.28401597	5.75488260	6.45652927		1.073287	2.84347594										
1.935736	0.63904322	2.48224872	3.28629687	5.76041995	6.46662439		1.073487	2.84372850										
1.937738	0.63967300	2.48318701	3.28857778	5.76595731	6.47671951		1.073687	2.84398107										
1.939740	0.64030278	2.48412531	3.29085868	5.77149466	6.48681463		1.073887	2.84423363										
1.941742	0.64093256	2.48506360	3.29313958	5.77703202	6.49690975		1.074087	2.84448619										
1.943744	0.64156508	2.48601422	3.29565819	5.78301869	6.50716385		1.074287	2.84473876										
1.945746	0.64219927	2.48697236	3.29832170	5.78927928	6.51751489		1.074487	2.84499132										
1.947748	0.64283346	2.48793049	3.30098521	5.79553988	6.52786593		1.074687	2.84524389										
1.949750	0.64346765	2.48888863	3.30364873	5.80180048	6.53821697		1.074887	2.84549645										
1.951752	0.64410184	2.48984677	3.30631224	5.80806107	6.54856801		1.075088	2.84574901										
1.953754	0.64473603	2.49080490	3.30897576	5.81432167	6.55891905		1.075288	2.84600158										
1.955756	0.64537022	2.49176304	3.31163927	5.82058227	6.56927008		1.075488	2.84625414										
1.957758	0.64600441	2.49272118	3.31430278	5.82684286	6.57962112		1.075688	2.84650671										
1.959760	0.64663860	2.49367931	3.31696630	5.83310346	6.58997216		1.075888	2.84675927										
1.961762	0.64733351	2.49465988	3.31810146	5.83603646	6.60019431		1.076088	2.84701183										
1.963764	0.64820522	2.49570576	3.31478610	5.82927957	6.61004115		1.076288	2.84726440										
1.965766	0.64907694	2.49675165	3.31147075	5.82252267	6.61988798		1.076488	2.84751696										
1.967768	0.64994866	2.49779753	3.30815539	5.81576578	6.62973482		1.076688	2.84776953										
1.969770	0.65081845	2.49885123	3.30574015	5.81081481	6.63960782		1.076888	2.84802209										
1.971772	0.65168639	2.49991247	3.30419190	5.80760327	6.64950601		1.077089	2.84827465										
1.973774	0.65255432	2.50097371	3.30264365	5.80439174	6.65940420		1.077289	2.84852722										
1.975776	0.65342226	2.50203495	3.30109541	5.80118021	6.66930239		1.077489	2.84877978										
1.977778	0.65429020	2.50309619	3.29954716	5.79796868	6.67920058		1.077689	2.84903235										
1.979780	0.65515814	2.50415743	3.29799891	5.79475715	6.68909877		1.077889	2.84928491										
1.981782	0.65595583	2.50515251	3.29707236	5.79285287	6.69872501		1.078089	2.84953747										
1.983784	0.65655932	2.50596468	3.29786462	5.79456275	6.70759937		1.078289	2.84979004										
1.985786	0.65716281	2.50677685	3.29865687	5.79627264	6.71647374		1.078489	2.85004260										
1.987788	0.65776629	2.50758902	3.29944913	5.79798252	6.72534810		1.078689	2.85029517										
1.989790	0.65836978	2.50840119	3.30024139	5.79969241	6.73422247		1.078889	2.85054773										
1.991792	0.65897327	2.50921336	3.30103365	5.80140229	6.74309683		1.079090	2.85080030										
1.993794	0.65957007	2.51001836	3.30181851	5.80310281	6.75193749		1.079290	2.85105286										
1.995796	0.65986786	2.51050276	3.30227264	5.80438459	6.75927083		1.079490	2.85130542										
1.997798	0.66016565	2.51098717	3.30272677	5.80566637	6.76660418		1.079690	2.85155799										
1.999800	0.66046344	2.51147157	3.30318090	5.80694815	6.77393752		1.079890	2.85181055										
2.001802	0.66076123	2.51195598	3.30363503	5.80822993	6.78127087		1.080090	2.85206312										
2.003804	0.66105902	2.51244038	3.30408916	5.80951170	6.78860422		1.080290	2.85231568										
2.005806	0.66135681	2.51292479	3.30454330	5.81079348	6.79593756		1.080490	2.85256824										
2.007808	0.66150119	2.51332908	3.30488992	5.81219553	6.80493805		1.080690	2.85282081										
2.009810	0.66160184	2.51371053	3.30520590	5.81363188	6.81441391		1.080890	2.85307337										
2.011812	0.66170248	2.51409198	3.30552187	5.81506822	6.82388977		1.081091	2.85332594										
2.013814	0.66180312	2.51447343	3.30583784	5.81650457	6.83336563		1.081291	2.85355878										
2.015816	0.66190376	2.51485488	3.30615381	5.81794092	6.84284149		1.081491	2.85371426										
2.017818	0.66200441	2.51523633	3.30646979	5.81937726	6.85231735		1.081691	2.85386974										
2.019820	0.66201979	2.51552623	3.30671022	5.82077513	6.86235528		1.081891	2.85402522										
2.021822	0.66196087	2.51573635	3.30688483	5.82213947	6.87288297		1.082091	2.85418071										
2.023824	0.66190195	2.51594647	3.30705943	5.82350381	6.88341066		1.082291	2.85433619										
2.025826	0.66184304	2.51615659	3.30723404	5.82486816	6.89393835		1.082491	2.85449167										
2.027828	0.66178412	2.51636671	3.30740865	5.82623250	6.90446604		1.082691	2.85464715										
2.029830	0.66172520	2.51657683	3.30758326	5.82759684	6.91499372		1.082891	2.85480263										
2.031832	0.66168326	2.51676904	3.30774607	5.82881449	6.92456308		1.083092	2.85495811										
2.033834	0.66168275	2.51691753	3.30788010	5.82967408	6.93179329		1.083292	2.85511359										
2.035836	0.66168224	2.51706602	3.30801413	5.83053367	6.93902349		1.083492	2.85526907										
2.037838	0.66168173	2.51721452	3.30814816	5.83139326	6.94625369		1.083692	2.85542456										
2.039840	0.66168121	2.51736301	3.30828219	5.83225285	6.95348390		1.083892	2.85558004										
2.041842	0.66168070	2.51751150	3.30841622	5.83311244	6.96071410		1.084092	2.85573552										
2.043844	0.66169171	2.51767409	3.30856294	5.83398077	6.96802454		1.084292	2.85589100										
2.045846	0.66193691	2.51812336	3.30896778	5.83502664	6.97696653		1.084492	2.85604648										
2.047848	0.66218212	2.51857263	3.30937263	5.83607252	6.98590851		1.084692	2.85620196										
2.049850	0.66242732	2.51902190	3.30977747	5.83711840	6.99485049		1.084892	2.85635744										
2.051852	0.66267252	2.51947117	3.31018231	5.83816428	7.00379247		1.085093	2.85651293										
2.053854	0.66291773	2.51992044	3.31058715	5.83921016	7.01273446		1.085293	2.85666841										
2.055856	0.66316293	2.52036971	3.31099200	5.84025603	7.02167644		1.085493	2.85682389										
2.057858	0.66340814	2.52081898	3.31139684	5.84130191	7.03061842		1.085693	2.85697937										
2.059860	0.66365334	2.52126825	3.31180168	5.84234779	7.03956040		1.085893	2.85713485										
2.061862	0.66389855	2.52171752	3.31220652	5.84339367	7.04850239		1.086093	2.85729033										
2.063864	0.66414375	2.52216679	3.31261137	5.84443954	7.05744437		1.086293	2.85744581										
2.065866	0.66438895	2.52261606	3.31301621	5.84548542	7.06638635		1.086493	2.85760130										
2.067868	0.66463416	2.52306533	3.31342105	5.84653130	7.07532833		1.086693	2.85775678										
2.069870	0.66487936	2.52351460	3.31382589	5.84757718	7.08427032		1.086893	2.85791226										
2.071872	0.66512457	2.52396387	3.31423074	5.84862306	7.09321230		1.087094	2.85806774										
2.073874	0.66536977	2.52441314	3.31463558	5.84966893	7.10215428		1.087294	2.85822322										
2.075876	0.66563398	2.52488247	3.31506199	5.85071286	7.11127315		1.087494	2.85837870										
2.077878	0.66592263	2.52537759	3.31551615	5.85175427	7.12061944		1.087694	2.85853418										
2.079880	0.66621127	2.52587272	3.31597030	5.85279568	7.12996572		1.087894	2.85868967										
2.081882	0.66649992	2.52636784	3.31642445	5.85383709	7.13931201		1.088094	2.85884515										
2.083884	0.66678856	2.52686297	3.31687861	5.85487850	7.14865830		1.088294	2.85900063										
2.085886	0.66707721	2.52735809	3.31733276	5.85591992	7.15800459		1.088494	2.85915611										
2.087888	0.66736585	2.52785322	3.31778691	5.85696133	7.16735088		1.088694	2.85931159										
2.089890	0.66765449	2.52834834	3.31824106	5.85800274	7.17669717		1.088894	2.85946707										
2.091892	0.66794314	2.52884347	3.31869522	5.85904415	7.18604345		1.089095	2.85962255										
2.093894	0.66823178	2.52933859	3.31914937	5.86008556	7.19538974		1.089295	2.85977804										
2.095896	0.66852043	2.52983372	3.31960352	5.86112697	7.20473603		1.089495	2.85993352										
2.097898	0.66880907	2.53032884	3.32005767	5.86216838	7.21408232		1.089695	2.86008900										
2.099900	0.66909772	2.53082397	3.32051183	5.86320980	7.22342861		1.089895	2.86024448										
2.101902	0.66938636	2.53131909	3.32096598	5.86425121	7.23277489		1.090095	2.86039996										
2.103904	0.66967501	2.53181421	3.32142013	5.86529262	7.24212118		1.090295	2.86055544										
2.105906	0.66996365	2.53230934	3.32187428	5.86633403	7.25146747		1.090495	2.86071092										
2.107908	0.67025230	2.53280446	3.32232844	5.86737544	7.26081376		1.090695	2.86086641										
2.109910	0.67054094	2.53329959	3.32278259	5.86841685	7.27016005		1.090895	2.86102189										
2.111912	0.67082959	2.53379471	3.32323674	5.86945826	7.27950634		1.091096	2.86117737										
2.113914	0.67111823	2.53428984	3.32369090	5.87049968	7.28885262		1.091296	2.86133285										
2.115916	0.67140688	2.53478496	3.32414505	5.87154109	7.29819891		1.091496	2.86148833										
2.117918	0.67169552	2.53528009	3.32459920	5.87258250	7.30754520		1.091696	2.86164381										
2.119920	0.67198417	2.53577521	3.32505335	5.87362391	7.31689149		1.091896	2.86179929										
2.121922	0.67227281	2.53627034	3.32550751	5.87466532	7.32623778		1.092096	2.86195478										
2.123924	0.67256146	2.53676546	3.32596166	5.87570673	7.33558407		1.092296	2.86211026										
2.125926	0.67286223	2.53727003	3.32642115	5.87671321	7.34493798		1.092496	2.86226574										
2.127928	0.67317708	2.53778558	3.32688684	5.87767908	7.35430077		1.092696	2.86242122										
2.129930	0.67349194	2.53830114	3.32735254	5.87864495	7.36366356		1.092896	2.86257670										
2.131932	0.67380680	2.53881669	3.32781823	5.87961082	7.37302634		1.093097	2.86273218										
2.133934	0.67412166	2.53933224	3.32828393	5.88057670	7.38238913		1.093297	2.86288766										
2.135936	0.67443652	2.53984779	3.32874963	5.88154257	7.39175191		1.093497	2.86304315										
2.137938	0.67475138	2.54036334	3.32921532	5.88250844	7.40111470		1.093697	2.86319863										
2.139940	0.67506624	2.54087889	3.32968102	5.88347431	7.41047749		1.093897	2.86334547										
2.141942	0.67538110	2.54139444	3.33014671	5.88444018	7.41984027		1.094097	2.86348919										
2.143944	0.67569596	2.54190999	3.33061241	5.88540606	7.42920306		1.094297	2.86363291										
2.145946	0.67601082	2.54242555	3.33107810	5.88637193	7.43856584		1.094497	2.86377663										
2.147948	0.67632568	2.54294110	3.33154380	5.88733780	7.44792863		1.094697	2.86392035										
2.149950	0.67664054	2.54345665	3.33200949	5.88830367	7.45729142		1.094897	2.86406406										
2.151952	0.67695540	2.54397220	3.33247519	5.88926955	7.46665420		1.095098	2.86420778										
2.153954	0.67727026	2.54448775	3.33294088	5.89023542	7.47601699		1.095298	2.86435150										
2.155956	0.67758512	2.54500330	3.33340658	5.89120129	7.48537977		1.095498	2.86449522										
2.157958	0.67789998	2.54551885	3.33387227	5.89216716	7.49474256		1.095698	2.86463894										
2.159960	0.67821484	2.54603440	3.33433797	5.89313303	7.50410535		1.095898	2.86478266										
2.161962	0.67852970	2.54654995	3.33480366	5.89409891	7.51346813		1.096098	2.86492638										
2.163964	0.67884456	2.54706551	3.33526936	5.89506478	7.52283092		1.096298	2.86507010										
2.165966	0.67915942	2.54758106	3.33573505	5.89603065	7.53219371		1.096498	2.86521381										
2.167968	0.67947428	2.54809661	3.33620075	5.89699652	7.54155649		1.096698	2.86535753										
2.169970	0.67978914	2.54861216	3.33666644	5.89796240	7.55091928		1.096898	2.86550125										
2.171972	0.68010400	2.54912771	3.33713214	5.89892827	7.56028206		1.097099	2.86564497										
2.173974	0.68041886	2.54964326	3.33759783	5.89989414	7.56964485		1.097299	2.86578869										
2.175976	0.68058022	2.54990748	3.33783650	5.90038915	7.57444328		1.097499	2.86593241										
2.177978	0.68058022	2.54990748	3.33783650	5.90038915	7.57444328		1.097699	2.86607613										
2.179980	0.68058022	2.54990748	3.33783650	5.90038915	7.57444328		1.097899	2.86621985										
2.181982	0.68058022	2.54990748	3.33783650	5.90038915	7.57444328		1.098099	2.86636357										
2.183984	0.68058022	2.54990748	3.33783650	5.90038915	7.57444328		1.098299	2.86650728										
2.185986	0.68058022	2.54990748	3.33783650	5.90038915	7.57444328		1.098499	2.86665100										
2.187988	0.68058022	2.54990748	3.33783650	5.90038915	7.57444328		1.098699	2.86679472										
2.189990	0.68058022	2.54990748	3.33783650	5.90038915	7.57444328		1.098899	2.86693844										
2.191992	0.68058022	2.54990748	3.33783650	5.90038915	7.57444328		1.099100	2.86708216										
2.193994	0.68058022	2.54990748	3.33783650	5.90038915	7.57444328		1.099300	2.86722588										
2.195996	0.68058022	2.54990748	3.33783650	5.90038915	7.57444328		1.099500	2.86736960										
2.197998	0.68058022	2.54990748	3.33783650	5.90038915	7.57444328		1.099700	2.86751332										
2.200000	0.68058022	2.54990748	3.33783650	5.90038915	7.57444328		1.099900	2.86765703										
							1.100100	2.86780075										
							1.100300	2.86794447										
							1.100500	2.86808819										
							1.100700	2.86823191										
							1.100900	2.86837563										
							1.101101	2.86851935										
							1.101301	2.86866307										
							1.101501	2.86880678										
							1.101701	2.86895050										
							1.101901	2.86909422										
							1.102101	2.86923794										
							1.102301	2.86938166										
							1.102501	2.86952538										
							1.102701	2.86966910										
							1.102901	2.86981282										
							1.103102	2.86995653										
							1.103302	2.87010025										
							1.103502	2.87024397										
							1.103702	2.87038769										
							1.103902	2.87053141										
							1.104102	2.87067513										
							1.104302	2.87081885										
							1.104502	2.87096257										
							1.104702	2.87110629										
							1.104902	2.87125000										
							1.105103	2.87139372										
							1.105303	2.87153744										
							1.105503	2.87168116										
							1.105703	2.87182488										
							1.105903	2.87196860										
							1.106103	2.87211232										
							1.106303	2.87225415										
							1.106503	2.87239079										
							1.106703	2.87252742										
							1.106903	2.87266405										
							1.107104	2.87280069										
							1.107304	2.87293732										
							1.107504	2.87307396										
							1.107704	2.87321059										
							1.107904	2.87334722										
							1.108104	2.87348386										
							1.108304	2.87362049										
							1.108504	2.87375712										
							1.108704	2.87389376										
							1.108904	2.87403039										
							1.109105	2.87416703										
							1.109305	2.87430366										
							1.109505	2.87444029										
							1.109705	2.87457693										
							1.109905	2.87471356										
							1.110105	2.87485019										
							1.110305	2.87498683										
							1.110505	2.87512346										
							1.110705	2.87526009										
							1.110905	2.87539673										
							1.111106	2.87553336										
							1.111306	2.87567000										
							1.111506	2.87580663										
							1.111706	2.87594326										
							1.111906	2.87607990										
							1.112106	2.87621653										
							1.112306	2.87635316										
							1.112506	2.87648980										
							1.112706	2.87662643										
							1.112906	2.87676307										
							1.113107	2.87689970										
							1.113307	2.87703633										
							1.113507	2.87717297										
							1.113707	2.87730960										
							1.113907	2.87744623										
							1.114107	2.87758287										
							1.114307	2.87771950										
							1.114507	2.87785613										
							1.114707	2.87799277										
							1.114907	2.87812940										
							1.115108	2.87826604										
							1.115308	2.87840267										
							1.115508	2.87853930										
							1.115708	2.87867594										
							1.115908	2.87881257										
							1.116108	2.87894920										
							1.116308	2.87908584										
							1.116508	2.87922247										
							1.116708	2.87935911										
							1.116908	2.87949574										
							1.117109	2.87963237										
							1.117309	2.87976901										
							1.117509	2.87990564										
							1.117709	2.88004227										
							1.117909	2.88017891										
							1.118109	2.88031554										
							1.118309	2.88045217										
							1.118509	2.88058881										
							1.118709	2.88072544										
							1.118909	2.88091012										
							1.119110	2.88110705										
							1.119310	2.88130397										
							1.119510	2.88150090										
							1.119710	2.88169783										
							1.119910	2.88189475										
							1.120110	2.88209168										
							1.120310	2.88228861										
							1.120510	2.88248553										
							1.120710	2.88268246										
							1.120910	2.88287939										
							1.121111	2.88307632										
							1.121311	2.88327324										
							1.121511	2.88347017										
							1.121711	2.88366710										
							1.121911	2.88386402										
							1.122111	2.88406095										
							1.122311	2.88425788										
							1.122511	2.88445480										
							1.122711	2.88465173										
							1.122911	2.88484866										
							1.123112	2.88504558										
							1.123312	2.88524251										
							1.123512	2.88543944										
							1.123712	2.88563636										
							1.123912	2.88583329										
							1.124112	2.88603022										
							1.124312	2.88622714										
							1.124512	2.88642407										
							1.124712	2.88662100										
							1.124912	2.88681792										
							1.125113	2.88701485										
							1.125313	2.88721178										
							1.125513	2.88740870										
							1.125713	2.88760563										
							1.125913	2.88780256										
							1.126113	2.88799948										
							1.126313	2.88819641										
							1.126513	2.88839334										
							1.126713	2.88859026										
							1.126913	2.88878719										
							1.127114	2.88898412										
							1.127314	2.88918104										
							1.127514	2.88937797										
							1.127714	2.88957490										
							1.127914	2.88977182										
							1.128114	2.88996875										
							1.128314	2.89016568										
							1.128514	2.89036260										
							1.128714	2.89055953										
							1.128914	2.89075646										
							1.129115	2.89095338										
							1.129315	2.89115031										
							1.129515	2.89134724										
							1.129715	2.89154416										
							1.129915	2.89174109										
							1.130115	2.89193802										
							1.130315	2.89213494										
							1.130515	2.89233187										
							1.130715	2.89252880										
							1.130915	2.89272572										
							1.131116	2.89292265										
							1.131316	2.89311636										
							1.131516	2.89330349										
							1.131716	2.89349062										
							1.131916	2.89367775										
							1.132116	2.89386489										
							1.132316	2.89405202										
							1.132516	2.89423915										
							1.132716	2.89442628										
							1.132916	2.89461341										
							1.133117	2.89480054										
							1.133317	2.89498767										
							1.133517	2.89517480										
							1.133717	2.89536193										
							1.133917	2.89554906										
							1.134117	2.89573620										
							1.134317	2.89592333										
							1.134517	2.89611046										
							1.134717	2.89629759										
							1.134917	2.89648472										
							1.135118	2.89667185										
							1.135318	2.89685898										
							1.135518	2.89704611										
							1.135718	2.89723324										
							1.135918	2.89742038										
							1.136118	2.89760751										
							1.136318	2.89779464										
							1.136518	2.89798177										
							1.136718	2.89816890										
							1.136918	2.89835603										
							1.137119	2.89854316										
							1.137319	2.89873029										
							1.137519	2.89891742										
							1.137719	2.89910455										
							1.137919	2.89929169										
							1.138119	2.89947882										
							1.138319	2.89966595										
							1.138519	2.89985308										
							1.138719	2.90004021										
							1.138919	2.90022734										
							1.139120	2.90041447										
							1.139320	2.90060160										
							1.139520	2.90078873										
							1.139720	2.90097586										
							1.139920	2.90116300										
							1.140120	2.90135013										
							1.140320	2.90153726										
							1.140520	2.90172439										
							1.140720	2.90191152										
							1.140920	2.90209865										
							1.141121	2.90228578										
							1.141321	2.90247291										
							1.141521	2.90266004										
							1.141721	2.90284718										
							1.141921	2.90303431										
							1.142121	2.90322144										
							1.142321	2.90340857										
							1.142521	2.90359570										
							1.142721	2.90378283										
							1.142921	2.90396996										
							1.143122	2.90415709										
							1.143322	2.90434422										
							1.143522	2.90453135										
							1.143722	2.90471849										
							1.143922	2.90484499										
							1.144122	2.90496157										
							1.144322	2.90507814										
							1.144522	2.90519472										
							1.144722	2.90531130										
							1.144922	2.90542788										
							1.145123	2.90554446										
							1.145323	2.90566104										
							1.145523	2.90577762										
							1.145723	2.90589420										
							1.145923	2.90601078										
							1.146123	2.90612736										
							1.146323	2.90624394										
							1.146523	2.90636052										
							1.146723	2.90647709										
							1.146923	2.90659367										
							1.147124	2.90671025										
							1.147324	2.90682683										
							1.147524	2.90694341										
							1.147724	2.90705999										
							1.147924	2.90717657										
							1.148124	2.90729315										
							1.148324	2.90740973										
							1.148524	2.90752631										
							1.148724	2.90764289										
							1.148924	2.90775947										
							1.149125	2.90787604										
							1.149325	2.90799262										
							1.149525	2.90810920										
							1.149725	2.90822578										
							1.149925	2.90834236										
							1.150125	2.90845894										
							1.150325	2.90857552										
							1.150525	2.90869210										
							1.150725	2.90880868										
							1.150925	2.90892526										
							1.151126	2.90904184										
							1.151326	2.90915842										
							1.151526	2.90927499										
							1.151726	2.90939157										
							1.151926	2.90950815										
							1.152126	2.90962473										
							1.152326	2.90974131										
							1.152526	2.90985789										
							1.152726	2.90997447										
							1.152926	2.91009105										
							1.153127	2.91020763										
							1.153327	2.91032421										
							1.153527	2.91044079										
							1.153727	2.91055737										
							1.153927	2.91067394										
							1.154127	2.91079052										
							1.154327	2.91090710										
							1.154527	2.91102368										
							1.154727	2.91114026										
							1.154927	2.91125684										
							1.155128	2.91137342										
							1.155328	2.91149000										
							1.155528	2.91160658										
							1.155728	2.91172316										
							1.155928	2.91183974										
							1.156128	2.91195632										
							1.156328	2.91207158										
							1.156528	2.91218479										
							1.156728	2.91229799										
							1.156928	2.91241120										
							1.157129	2.91252441										
							1.157329	2.91263762										
							1.157529	2.91275083										
							1.157729	2.91286403										
							1.157929	2.91297724										
							1.158129	2.91309045										
							1.158329	2.91320366										
							1.158529	2.91331687										
							1.158729	2.91343007										
							1.158929	2.91354328										
							1.159130	2.91365649										
							1.159330	2.91376970										
							1.159530	2.91388291										
							1.159730	2.91399611										
							1.159930	2.91410932										
							1.160130	2.91422253										
							1.160330	2.91433574										
							1.160530	2.91444895										
							1.160730	2.91456215										
							1.160930	2.91467536										
							1.161131	2.91478857										
							1.161331	2.91490178										
							1.161531	2.91501499										
							1.161731	2.91512820										
							1.161931	2.91524140										
							1.162131	2.91535461										
							1.162331	2.91546782										
							1.162531	2.91558103										
							1.162731	2.91569424										
							1.162931	2.91580744										
							1.163132	2.91592065										
							1.163332	2.91603386										
							1.163532	2.91614707										
							1.163732	2.91626028										
							1.163932	2.91637348										
							1.164132	2.91648669										
							1.164332	2.91659990										
							1.164532	2.91671311										
							1.164732	2.91682632										
							1.164932	2.91693952										
							1.165133	2.91705273										
							1.165333	2.91716594										
							1.165533	2.91727915										
							1.165733	2.91739236										
							1.165933	2.91750556										
							1.166133	2.91761877										
							1.166333	2.91773198										
							1.166533	2.91784519										
							1.166733	2.91795840										
							1.166933	2.91807160										
							1.167134	2.91818481										
							1.167334	2.91829802										
							1.167534	2.91841123										
							1.167734	2.91852444										
							1.167934	2.91863764										
							1.168134	2.91875085										
							1.168334	2.91886406										
							1.168534	2.91897727										
							1.168734	2.91909048										
							1.168934	2.91924521										
							1.169135	2.91940347										
							1.169335	2.91956172										
							1.169535	2.91971998										
							1.169735	2.91987823										
							1.169935	2.92003649										
							1.170135	2.92019474										
							1.170335	2.92035300										
							1.170535	2.92051125										
							1.170735	2.92066951										
							1.170935	2.92082776										
							1.171136	2.92098602										
							1.171336	2.92114427										
							1.171536	2.92130253										
							1.171736	2.92146078										
							1.171936	2.92161904										
							1.172136	2.92177729										
							1.172336	2.92193555										
							1.172536	2.92209380										
							1.172736	2.92225206										
							1.172936	2.92241031										
							1.173137	2.92256857										
							1.173337	2.92272682										
							1.173537	2.92288508										
							1.173737	2.92304333										
							1.173937	2.92320159										
							1.174137	2.92335984										
							1.174337	2.92351810										
							1.174537	2.92367635										
							1.174737	2.92383461										
							1.174937	2.92399286										
							1.175138	2.92415112										
							1.175338	2.92430937										
							1.175538	2.92446763										
							1.175738	2.92462588										
							1.175938	2.92478414										
							1.176138	2.92494239										
							1.176338	2.92510065										
							1.176538	2.92525890										
							1.176738	2.92541716										
							1.176938	2.92557541										
							1.177139	2.92573367										
							1.177339	2.92589192										
							1.177539	2.92605018										
							1.177739	2.92620843										
							1.177939	2.92636669										
							1.178139	2.92652494										
							1.178339	2.92668320										
							1.178539	2.92684145										
							1.178739	2.92699971										
							1.178939	2.92715796										
							1.179140	2.92731622										
							1.179340	2.92747447										
							1.179540	2.92763273										
							1.179740	2.92779098										
							1.179940	2.92794924										
							1.180140	2.92810750										
							1.180340	2.92826575										
							1.180540	2.92842401										
							1.180740	2.92858226										
							1.180940	2.92874052										
							1.181141	2.92889877										
							1.181341	2.92905460										
							1.181541	2.92920750										
							1.181741	2.92936039										
							1.181941	2.92951329										
							1.182141	2.92966619										
							1.182341	2.92981909										
							1.182541	2.92997198										
							1.182741	2.93012488										
							1.182941	2.93027778										
							1.183142	2.93043068										
							1.183342	2.93058357										
							1.183542	2.93073647										
							1.183742	2.93088937										
							1.183942	2.93104227										
							1.184142	2.93119516										
							1.184342	2.93134806										
							1.184542	2.93150096										
							1.184742	2.93165386										
							1.184942	2.93180675										
							1.185143	2.93195965										
							1.185343	2.93211255										
							1.185543	2.93226545										
							1.185743	2.93241834										
							1.185943	2.93257124										
							1.186143	2.93272414										
							1.186343	2.93287704										
							1.186543	2.93302993										
							1.186743	2.93318283										
							1.186943	2.93333573										
							1.187144	2.93348863										
							1.187344	2.93364152										
							1.187544	2.93379442										
							1.187744	2.93394732										
							1.187944	2.93410022										
							1.188144	2.93425311										
							1.188344	2.93440601										
							1.188544	2.93455891										
							1.188744	2.93471181										
							1.188944	2.93486470										
							1.189145	2.93501760										
							1.189345	2.93517050										
							1.189545	2.93532340										
							1.189745	2.93547629										
							1.189945	2.93562919										
							1.190145	2.93578209										
							1.190345	2.93593499										
							1.190545	2.93608789										
							1.190745	2.93624078										
							1.190945	2.93639368										
							1.191146	2.93654658										
							1.191346	2.93669948										
							1.191546	2.93685237										
							1.191746	2.93700527										
							1.191946	2.93715817										
							1.192146	2.93731107										
							1.192346	2.93746396										
							1.192546	2.93761686										
							1.192746	2.93776976										
							1.192946	2.93792266										
							1.193147	2.93807555										
							1.193347	2.93822845										
							1.193547	2.93838135										
							1.193747	2.93853425										
							1.193947	2.93863389										
							1.194147	2.93873269										
							1.194347	2.93883149										
							1.194547	2.93893030										
							1.194747	2.93902910										
							1.194947	2.93912790										
							1.195148	2.93922670										
							1.195348	2.93932550										
							1.195548	2.93942430										
							1.195748	2.93952310										
							1.195948	2.93962190										
							1.196148	2.93972071										
							1.196348	2.93981951										
							1.196548	2.93991831										
							1.196748	2.94001711										
							1.196948	2.94011591										
							1.197149	2.94021471										
							1.197349	2.94031351										
							1.197549	2.94041231										
							1.197749	2.94051112										
							1.197949	2.94060992										
							1.198149	2.94070872										
							1.198349	2.94080752										
							1.198549	2.94090632										
							1.198749	2.94100512										
							1.198949	2.94110392										
							1.199150	2.94120272										
							1.199350	2.94130153										
							1.199550	2.94140033										
							1.199750	2.94149913										
							1.199950	2.94159793										
							1.200150	2.94169673										
							1.200350	2.94179553										
							1.200550	2.94189433										
							1.200750	2.94199313										
							1.200950	2.94209193										
							1.201151	2.94219074										
							1.201351	2.94228954										
							1.201551	2.94238834										
							1.201751	2.94248714										
							1.201951	2.94258594										
							1.202151	2.94268474										
							1.202351	2.94278354										
							1.202551	2.94288234										
							1.202751	2.94298115										
							1.202951	2.94307995										
							1.203152	2.94317875										
							1.203352	2.94327755										
							1.203552	2.94337635										
							1.203752	2.94347515										
							1.203952	2.94357395										
							1.204152	2.94367275										
							1.204352	2.94377156										
							1.204552	2.94387036										
							1.204752	2.94396916										
							1.204952	2.94406796										
							1.205153	2.94416676										
							1.205353	2.94426556										
							1.205553	2.94436436										
							1.205753	2.94446316										
							1.205953	2.94456197										
							1.206153	2.94466077										
							1.206353	2.94485754										
							1.206553	2.94514634										
							1.206753	2.94543514										
							1.206953	2.94572395										
							1.207154	2.94601275										
							1.207354	2.94630156										
							1.207554	2.94659036										
							1.207754	2.94687916										
							1.207954	2.94716797										
							1.208154	2.94745677										
							1.208354	2.94774557										
							1.208554	2.94803438										
							1.208754	2.94832318										
							1.208954	2.94861199										
							1.209155	2.94890079										
							1.209355	2.94918959										
							1.209555	2.94947840										
							1.209755	2.94976720										
							1.209955	2.95005600										
							1.210155	2.95034481										
							1.210355	2.95063361										
							1.210555	2.95092241										
							1.210755	2.95121122										
							1.210955	2.95150002										
							1.211156	2.95178883										
							1.211356	2.95207763										
							1.211556	2.95236643										
							1.211756	2.95265524										
							1.211956	2.95294404										
							1.212156	2.95323284										
							1.212356	2.95352165										
							1.212556	2.95381045										
							1.212756	2.95409925										
							1.212956	2.95438806										
							1.213157	2.95467686										
							1.213357	2.95496567										
							1.213557	2.95525447										
							1.213757	2.95554327										
							1.213957	2.95583208										
							1.214157	2.95612088										
							1.214357	2.95640968										
							1.214557	2.95669849										
							1.214757	2.95698729										
							1.214957	2.95727610										
							1.215158	2.95756490										
							1.215358	2.95785370										
							1.215558	2.95814251										
							1.215758	2.95843131										
							1.215958	2.95872011										
							1.216158	2.95900892										
							1.216358	2.95929772										
							1.216558	2.95958652										
							1.216758	2.95987533										
							1.216958	2.96016413										
							1.217159	2.96045294										
							1.217359	2.96074174										
							1.217559	2.96103054										
							1.217759	2.96131935										
							1.217959	2.96160815										
							1.218159	2.96189695										
							1.218359	2.96218576										
							1.218559	2.96247456										
							1.218759	2.96277675										
							1.218959	2.96335107										
							1.219160	2.96392540										
							1.219360	2.96449972										
							1.219560	2.96507405										
							1.219760	2.96564838										
							1.219960	2.96622270										
							1.220160	2.96679703										
							1.220360	2.96737135										
							1.220560	2.96794568										
							1.220760	2.96852000										
							1.220960	2.96909433										
							1.221161	2.96966865										
							1.221361	2.97024298										
							1.221561	2.97081730										
							1.221761	2.97139163										
							1.221961	2.97196595										
							1.222161	2.97254028										
							1.222361	2.97311460										
							1.222561	2.97368893										
							1.222761	2.97426326										
							1.222961	2.97483758										
							1.223162	2.97541191										
							1.223362	2.97598623										
							1.223562	2.97656056										
							1.223762	2.97713488										
							1.223962	2.97770921										
							1.224162	2.97828353										
							1.224362	2.97885786										
							1.224562	2.97943218										
							1.224762	2.98000651										
							1.224962	2.98058083										
							1.225163	2.98115516										
							1.225363	2.98172948										
							1.225563	2.98230381										
							1.225763	2.98287814										
							1.225963	2.98345246										
							1.226163	2.98402679										
							1.226363	2.98460111										
							1.226563	2.98517544										
							1.226763	2.98574976										
							1.226963	2.98632409										
							1.227164	2.98689841										
							1.227364	2.98747274										
							1.227564	2.98804706										
							1.227764	2.98862139										
							1.227964	2.98919571										
							1.228164	2.98977004										
							1.228364	2.99034436										
							1.228564	2.99091869										
							1.228764	2.99149301										
							1.228964	2.99206734										
							1.229165	2.99264167										
							1.229365	2.99321599										
							1.229565	2.99379032										
							1.229765	2.99436464										
							1.229965	2.99493897										
							1.230165	2.99551329										
							1.230365	2.99608762										
							1.230565	2.99666194										
							1.230765	2.99723627										
							1.230965	2.99781059										
							1.231166	2.99838492										
							1.231366	2.99901492										
							1.231566	2.99968554										
							1.231766	3.00035617										
							1.231966	3.00102679										
							1.232166	3.00169742										
							1.232366	3.00236804										
							1.232566	3.00303867										
							1.232766	3.00370929										
							1.232966	3.00437992										
							1.233167	3.00505054										
							1.233367	3.00572117										
							1.233567	3.00639179										
							1.233767	3.00706242										
							1.233967	3.00773304										
							1.234167	3.00840367										
							1.234367	3.00907429										
							1.234567	3.00974492										
							1.234767	3.01041554										
							1.234967	3.01108616										
							1.235168	3.01175679										
							1.235368	3.01242741										
							1.235568	3.01309804										
							1.235768	3.01376866										
							1.235968	3.01443929										
							1.236168	3.01510991										
							1.236368	3.01578054										
							1.236568	3.01645116										
							1.236768	3.01712179										
							1.236968	3.01779241										
							1.237169	3.01846304										
							1.237369	3.01913366										
							1.237569	3.01980429										
							1.237769	3.02047491										
							1.237969	3.02114554										
							1.238169	3.02181616										
							1.238369	3.02248679										
							1.238569	3.02315741										
							1.238769	3.02382804										
							1.238969	3.02449866										
							1.239170	3.02516929										
							1.239370	3.02583991										
							1.239570	3.02651054										
							1.239770	3.02718116										
							1.239970	3.02785179										
							1.240170	3.02852241										
							1.240370	3.02919304										
							1.240570	3.02986366										
							1.240770	3.03053429										
							1.240970	3.03120491										
							1.241171	3.03187554										
							1.241371	3.03254616										
							1.241571	3.03321679										
							1.241771	3.03388741										
							1.241971	3.03455804										
							1.242171	3.03522866										
							1.242371	3.03589929										
							1.242571	3.03656991										
							1.242771	3.03724053										
							1.242971	3.03791116										
							1.243172	3.03858178										
							1.243372	3.03925241										
							1.243572	3.03992303										
							1.243772	3.04059414										
							1.243972	3.04126912										
							1.244172	3.04194410										
							1.244372	3.04261909										
							1.244572	3.04329407										
							1.244772	3.04396905										
							1.244972	3.04464404										
							1.245173	3.04531902										
							1.245373	3.04599401										
							1.245573	3.04666899										
							1.245773	3.04734397										
							1.245973	3.04801896										
							1.246173	3.04869394										
							1.246373	3.04936892										
							1.246573	3.05004391										
							1.246773	3.05071889										
							1.246973	3.05139387										
							1.247174	3.05206886										
							1.247374	3.05274384										
							1.247574	3.05341883										
							1.247774	3.05409381										
							1.247974	3.05476879										
							1.248174	3.05544378										
							1.248374	3.05611876										
							1.248574	3.05679374										
							1.248774	3.05746873										
							1.248974	3.05814371										
							1.249175	3.05881870										
							1.249375	3.05949368										
							1.249575	3.06016866										
							1.249775	3.06084365										
							1.249975	3.06151863										
							1.250175	3.06219361										
							1.250375	3.06286860										
							1.250575	3.06354358										
							1.250775	3.06421856										
							1.250975	3.06489355										
							1.251176	3.06556853										
							1.251376	3.06624352										
							1.251576	3.06691850										
							1.251776	3.06759348										
							1.251976	3.06826847										
							1.252176	3.06894345										
							1.252376	3.06961843										
							1.252576	3.07029342										
							1.252776	3.07096840										
							1.252976	3.07164339										
							1.253177	3.07231837										
							1.253377	3.07299335										
							1.253577	3.07366834										
							1.253777	3.07434332										
							1.253977	3.07501830										
							1.254177	3.07569329										
							1.254377	3.07636827										
							1.254577	3.07704325										
							1.254777	3.07771824										
							1.254977	3.07839322										
							1.255178	3.07906821										
							1.255378	3.07974319										
							1.255578	3.08041817										
							1.255778	3.08109316										
							1.255978	3.08176814										
							1.256178	3.08244312										
							1.256378	3.08312073										
							1.256578	3.08379979										
							1.256778	3.08447886										
							1.256978	3.08515793										
							1.257179	3.08583700										
							1.257379	3.08651607										
							1.257579	3.08719514										
							1.257779	3.08787421										
							1.257979	3.08855327										
							1.258179	3.08923234										
							1.258379	3.08991141										
							1.258579	3.09059048										
							1.258779	3.09126955										
							1.258979	3.09194862										
							1.259180	3.09262769										
							1.259380	3.09330676										
							1.259580	3.09398582										
							1.259780	3.09466489										
							1.259980	3.09534396										
							1.260180	3.09602303										
							1.260380	3.09670210										
							1.260580	3.09738117										
							1.260780	3.09806024										
							1.260980	3.09873930										
							1.261181	3.09941837										
							1.261381	3.10009744										
							1.261581	3.10077651										
							1.261781	3.10145558										
							1.261981	3.10213465										
							1.262181	3.10281372										
							1.262381	3.10349279										
							1.262581	3.10417185										
							1.262781	3.10485092										
							1.262981	3.10552999										
							1.263182	3.10620906										
							1.263382	3.10688813										
							1.263582	3.10756720										
							1.263782	3.10824627										
							1.263982	3.10892534										
							1.264182	3.10960440										
							1.264382	3.11028347										
							1.264582	3.11096254										
							1.264782	3.11164161										
							1.264982	3.11232068										
							1.265183	3.11299975										
							1.265383	3.11367882										
							1.265583	3.11435788										
							1.265783	3.11503695										
							1.265983	3.11571602										
							1.266183	3.11639509										
							1.266383	3.11707416										
							1.266583	3.11775323										
							1.266783	3.11843230										
							1.266983	3.11911137										
							1.267184	3.11979043										
							1.267384	3.12046950										
							1.267584	3.12114857										
							1.267784	3.12182764										
							1.267984	3.12250671										
							1.268184	3.12318578										
							1.268384	3.12386485										
							1.268584	3.12454391										
							1.268784	3.12528281										
							1.268984	3.12630994										
							1.269185	3.12733708										
							1.269385	3.12836422										
							1.269585	3.12939136										
							1.269785	3.13041849										
							1.269985	3.13144563										
							1.270185	3.13247277										
							1.270385	3.13349990										
							1.270585	3.13452704										
							1.270785	3.13555418										
							1.270985	3.13658131										
							1.271186	3.13760845										
							1.271386	3.13863559										
							1.271586	3.13966272										
							1.271786	3.14068986										
							1.271986	3.14171700										
							1.272186	3.14274413										
							1.272386	3.14377127										
							1.272586	3.14479841										
							1.272786	3.14582555										
							1.272986	3.14685268										
							1.273187	3.14787982										
							1.273387	3.14890696										
							1.273587	3.14993409										
							1.273787	3.15096123										
							1.273987	3.15198837										
							1.274187	3.15301550										
							1.274387	3.15404264										
							1.274587	3.15506978										
							1.274787	3.15609691										
							1.274987	3.15712405										
							1.275188	3.15815119										
							1.275388	3.15917832										
							1.275588	3.16020546										
							1.275788	3.16123260										
							1.275988	3.16225974										
							1.276188	3.16328687										
							1.276388	3.16431401										
							1.276588	3.16534115										
							1.276788	3.16636828										
							1.276988	3.16739542										
							1.277189	3.16842256										
							1.277389	3.16944969										
							1.277589	3.17047683										
							1.277789	3.17150397										
							1.277989	3.17253110										
							1.278189	3.17355824										
							1.278389	3.17458538										
							1.278589	3.17561251										
							1.278789	3.17663965										
							1.278989	3.17766679										
							1.279190	3.17869393										
							1.279390	3.17972106										
							1.279590	3.18074820										
							1.279790	3.18177534										
							1.279990	3.18280247										
							1.280190	3.18382961										
							1.280390	3.18485675										
							1.280590	3.18588388										
							1.280790	3.18691102										
							1.280990	3.18793816										
							1.281191	3.18896529										
							1.281391	3.18999641										
							1.281591	3.19102920										
							1.281791	3.19206199										
							1.281991	3.19309478										
							1.282191	3.19412757										
							1.282391	3.19516036										
							1.282591	3.19619315										
							1.282791	3.19722594										
							1.282991	3.19825873										
							1.283192	3.19929152										
							1.283392	3.20032431										
							1.283592	3.20135710										
							1.283792	3.20238989										
							1.283992	3.20342268										
							1.284192	3.20445547										
							1.284392	3.20548826										
							1.284592	3.20652105										
							1.284792	3.20755384										
							1.284992	3.20858663										
							1.285193	3.20961942										
							1.285393	3.21065221										
							1.285593	3.21168500										
							1.285793	3.21271779										
							1.285993	3.21375058										
							1.286193	3.21478337										
							1.286393	3.21581616										
							1.286593	3.21684895										
							1.286793	3.21788174										
							1.286993	3.21891453										
							1.287194	3.21994732										
							1.287394	3.22098011										
							1.287594	3.22201290										
							1.287794	3.22304570										
							1.287994	3.22407849										
							1.288194	3.22511128										
							1.288394	3.22614407										
							1.288594	3.22717686										
							1.288794	3.22820965										
							1.288994	3.22924244										
							1.289195	3.23027523										
							1.289395	3.23130802										
							1.289595	3.23234081										
							1.289795	3.23337360										
							1.289995	3.23440639										
							1.290195	3.23543918										
							1.290395	3.23647197										
							1.290595	3.23750476										
							1.290795	3.23853755										
							1.290995	3.23957034										
							1.291196	3.24060313										
							1.291396	3.24163592										
							1.291596	3.24266871										
							1.291796	3.24370150										
							1.291996	3.24473429										
							1.292196	3.24576708										
							1.292396	3.24679987										
							1.292596	3.24783266										
							1.292796	3.24886545										
							1.292996	3.24989824										
							1.293197	3.25093103										
							1.293397	3.25196382										
							1.293597	3.25299661										
							1.293797	3.25394978										
							1.293997	3.25464287										
							1.294197	3.25533595										
							1.294397	3.25602904										
							1.294597	3.25672212										
							1.294797	3.25741520										
							1.294997	3.25810829										
							1.295198	3.25880137										
							1.295398	3.25949445										
							1.295598	3.26018754										
							1.295798	3.26088062										
							1.295998	3.26157371										
							1.296198	3.26226679										
							1.296398	3.26295987										
							1.296598	3.26365296										
							1.296798	3.26434604										
							1.296998	3.26503913										
							1.297199	3.26573221										
							1.297399	3.26642529										
							1.297599	3.26711838										
							1.297799	3.26781146										
							1.297999	3.26850454										
							1.298199	3.26919763										
							1.298399	3.26989071										
							1.298599	3.27058380										
							1.298799	3.27127688										
							1.298999	3.27196996										
							1.299200	3.27266305										
							1.299400	3.27335613										
							1.299600	3.27404921										
							1.299800	3.27474230										
							1.300000	3.27543538										
